,title,complainant,consultation_requested,curr_stat
DS1,Malaysia — Prohibition of Imports of Polyethylene and Polypropylene,SINGAPORE,10 JANUARY 1995,"SETTLED OR TERMINATED (WITHDRAWN, MUTUALLY AGREED SOLUTION)"
DS2,United States — Standards for Reformulated and Conventional Gasoline,"VENEZUELA, BOLIVARIAN REPUBLIC OF",24 JANUARY 1995,IMPLEMENTATION NOTIFIED BY RESPONDENT
DS3,"Korea, Republic of — Measures Concerning the Testing and Inspection of Agricultural Products",UNITED STATES,4 APRIL 1995,IN CONSULTATIONS
DS4,United States — Standards for Reformulated and Conventional Gasoline,BRAZIL,10 APRIL 1995,IMPLEMENTATION NOTIFIED BY RESPONDENT
DS5,"Korea, Republic of — Measures Concerning the Shelf-Life of Products",UNITED STATES,3 MAY 1995,"SETTLED OR TERMINATED (WITHDRAWN, MUTUALLY AGREED SOLUTION)"
DS6,United States — Imposition of Import Duties on Automobiles from Japan under Sections 301 and 304 of the Trade act of 1974,JAPAN,17 MAY 1995,"SETTLED OR TERMINATED (WITHDRAWN, MUTUALLY AGREED SOLUTION)"
DS7,European Communities — Trade Description of Scallops,CANADA,19 MAY 1995,"SETTLED OR TERMINATED (WITHDRAWN, MUTUALLY AGREED SOLUTION)"
DS8,Japan — Taxes on Alcoholic Beverages,EUROPEAN COMMUNITIES,21 JUNE 1995,MUTUALLY ACCEPTABLE SOLUTION ON IMPLEMENTATION NOTIFIED
DS9,European Communities — Duties on Imports of Cereals,CANADA,30 JUNE 1995,"PANEL ESTABLISHED, BUT NOT YET COMPOSED"
DS10,Japan — Taxes on Alcoholic Beverages,CANADA,7 JULY 1995,MUTUALLY ACCEPTABLE SOLUTION ON IMPLEMENTATION NOTIFIED
DS11,Japan — Taxes on Alcoholic Beverages,UNITED STATES,7 JULY 1995,MUTUALLY ACCEPTABLE SOLUTION ON IMPLEMENTATION NOTIFIED
DS12,European Communities — Trade Description of Scallops,PERU,18 JULY 1995,"SETTLED OR TERMINATED (WITHDRAWN, MUTUALLY AGREED SOLUTION)"
DS13,European Communities — Duties on Imports of Grains,UNITED STATES,19 JULY 1995,"SETTLED OR TERMINATED (WITHDRAWN, MUTUALLY AGREED SOLUTION)"
DS14,European Communities — Trade Description of Scallops,CHILE,24 JULY 1995,"SETTLED OR TERMINATED (WITHDRAWN, MUTUALLY AGREED SOLUTION)"
DS15,Japan — Measures Affecting the Purchase of Telecommunications Equipment,EUROPEAN COMMUNITIES,18 AUGUST 1995,IN CONSULTATIONS
DS16,"European Communities — Regime for the Importation, Sale and Distribution of Bananas",GUATEMALA; HONDURAS; MEXICO; UNITED STATES,28 SEPTEMBER 1995,"SETTLED OR TERMINATED (WITHDRAWN, MUTUALLY AGREED SOLUTION)"
DS17,European Communities — Duties on Imports of Rice,THAILAND,5 OCTOBER 1995,IN CONSULTATIONS
DS18,Australia — Measures Affecting Importation of Salmon,CANADA,5 OCTOBER 1995,MUTUALLY ACCEPTABLE SOLUTION ON IMPLEMENTATION NOTIFIED
DS19,Poland — Import Regime for Automobiles,INDIA,28 SEPTEMBER 1995,"SETTLED OR TERMINATED (WITHDRAWN, MUTUALLY AGREED SOLUTION)"
DS20,"Korea, Republic of — Measures concerning Bottled Water",CANADA,8 NOVEMBER 1995,"SETTLED OR TERMINATED (WITHDRAWN, MUTUALLY AGREED SOLUTION)"
DS21,Australia — Measures Affecting the Importation of Salmonids,UNITED STATES,20 NOVEMBER 1995,"SETTLED OR TERMINATED (WITHDRAWN, MUTUALLY AGREED SOLUTION)"
DS22,Brazil — Measures Affecting Desiccated Coconut,PHILIPPINES,30 NOVEMBER 1995,"REPORT(S) ADOPTED, NO FURTHER ACTION REQUIRED"
DS23,"Venezuela, Bolivarian Republic of — Anti-Dumping Investigation in Respect of Imports of Certain Oil Country Tubular Goods (OCTG)",MEXICO,5 DECEMBER 1995,"SETTLED OR TERMINATED (WITHDRAWN, MUTUALLY AGREED SOLUTION)"
DS24,United States — Restrictions on Imports of Cotton and Man-Made Fibre Underwear,COSTA RICA,22 DECEMBER 1995,IMPLEMENTATION NOTIFIED BY RESPONDENT
DS25,European Communities — Implementation of the Uruguay Round Commitments Concerning Rice,URUGUAY,14 DECEMBER 1995,IN CONSULTATIONS
DS26,European Communities — Measures Concerning Meat and Meat Products (Hormones),UNITED STATES,26 JANUARY 1996,MUTUALLY ACCEPTABLE SOLUTION ON IMPLEMENTATION NOTIFIED
DS27,"European Communities — Regime for the Importation, Sale and Distribution of Bananas",ECUADOR; GUATEMALA; HONDURAS; MEXICO; UNITED STATES,5 FEBRUARY 1996,"SETTLED OR TERMINATED (WITHDRAWN, MUTUALLY AGREED SOLUTION)"
DS28,Japan — Measures Concerning Sound Recordings,UNITED STATES,9 FEBRUARY 1996,"SETTLED OR TERMINATED (WITHDRAWN, MUTUALLY AGREED SOLUTION)"
DS29,Turkey — Restrictions on Imports of Textile and Clothing Products,"HONG KONG, CHINA",12 FEBRUARY 1996,IN CONSULTATIONS
DS30,Brazil — Countervailing Duties on Imports of Desiccated Coconut and Coconut Milk Powder from Sri Lanka,SRI LANKA,23 FEBRUARY 1996,IN CONSULTATIONS
DS31,Canada — Certain Measures Concerning Periodicals,UNITED STATES,11 MARCH 1996,IMPLEMENTATION NOTIFIED BY RESPONDENT
DS32,United States — Measures Affecting Imports of Women’s and Girls’ Wool Coats,INDIA,14 MARCH 1996,"SETTLED OR TERMINATED (WITHDRAWN, MUTUALLY AGREED SOLUTION)"
DS33,United States — Measures Affecting Imports of Woven Wool Shirts and Blouses from India,INDIA,14 MARCH 1996,MUTUALLY ACCEPTABLE SOLUTION ON IMPLEMENTATION NOTIFIED
DS34,Turkey — Restrictions on Imports of Textile and Clothing Products,INDIA,21 MARCH 1996,MUTUALLY ACCEPTABLE SOLUTION ON IMPLEMENTATION NOTIFIED
DS35,Hungary — Export Subsidies in respect of Agricultural Products,ARGENTINA; AUSTRALIA; CANADA; NEW ZEALAND; THAILAND; UNITED STATES,27 MARCH 1996,"SETTLED OR TERMINATED (WITHDRAWN, MUTUALLY AGREED SOLUTION)"
DS36,Pakistan — Patent Protection for Pharmaceutical and Agricultural Chemical Products,UNITED STATES,30 APRIL 1996,"SETTLED OR TERMINATED (WITHDRAWN, MUTUALLY AGREED SOLUTION)"
DS37,Portugal — Patent Protection under the Industrial Property Act,UNITED STATES,30 APRIL 1996,"SETTLED OR TERMINATED (WITHDRAWN, MUTUALLY AGREED SOLUTION)"
DS38,United States — The Cuban Liberty and Democratic Solidarity Act,EUROPEAN COMMUNITIES,3 MAY 1996,AUTHORITY FOR PANEL LAPSED
DS39,United States — Tariff Increases on Products from the European Communities,EUROPEAN COMMUNITIES,18 APRIL 1996,"SETTLED OR TERMINATED (WITHDRAWN, MUTUALLY AGREED SOLUTION)"
DS40,"Korea, Republic of — Laws, Regulations and Practices in the Telecommunications Procurement Sector",EUROPEAN COMMUNITIES,5 MAY 1996,"SETTLED OR TERMINATED (WITHDRAWN, MUTUALLY AGREED SOLUTION)"
DS41,"Korea, Republic of — Measures concerning Inspection of Agricultural Products",UNITED STATES,24 MAY 1996,IN CONSULTATIONS
DS42,Japan — Measures concerning Sound Recordings,EUROPEAN COMMUNITIES,28 MAY 1996,"SETTLED OR TERMINATED (WITHDRAWN, MUTUALLY AGREED SOLUTION)"
DS43,Turkey — Taxation of Foreign Film Revenues,UNITED STATES,12 JUNE 1996,"SETTLED OR TERMINATED (WITHDRAWN, MUTUALLY AGREED SOLUTION)"
DS44,Japan — Measures Affecting Consumer Photographic Film and Paper,UNITED STATES,13 JUNE 1996,"REPORT(S) ADOPTED, NO FURTHER ACTION REQUIRED"
DS45,Japan — Measures Affecting Distribution Services,UNITED STATES,13 JUNE 1996,IN CONSULTATIONS
DS46,Brazil — Export Financing Programme for Aircraft,CANADA,19 JUNE 1996,COMPLIANCE PROCEEDINGS COMPLETED WITHOUT FINDING OF NON-COMPLIANCE
DS47,Turkey — Restrictions on Imports of Textile and Clothing Products,THAILAND,20 JUNE 1996,IN CONSULTATIONS
DS48,European Communities — Measures Concerning Meat and Meat Products (Hormones),CANADA,28 JULY 1996,MUTUALLY ACCEPTABLE SOLUTION ON IMPLEMENTATION NOTIFIED
DS49,United States — Anti-Dumping Investigation Regarding Imports of Fresh or Chilled Tomatoes from Mexico,MEXICO,1 JULY 1996,IN CONSULTATIONS
DS50,India — Patent Protection for Pharmaceutical and Agricultural Chemical Products,UNITED STATES,2 JULY 1996,IMPLEMENTATION NOTIFIED BY RESPONDENT
DS51,Brazil — Certain Automotive Investment Measures,JAPAN,30 JULY 1996,IN CONSULTATIONS
DS52,Brazil — Certain Measures Affecting Trade and Investment in the Automotive Sector,UNITED STATES,9 AUGUST 1996,IN CONSULTATIONS
DS53,Mexico — Customs Valuation of Imports,EUROPEAN COMMUNITIES,27 AUGUST 1996,IN CONSULTATIONS
DS54,Indonesia — Certain Measures Affecting the Automobile Industry,EUROPEAN COMMUNITIES,3 OCTOBER 1996,IMPLEMENTATION NOTIFIED BY RESPONDENT
DS55,Indonesia — Certain Measures Affecting the Automobile Industry,JAPAN,4 OCTOBER 1996,IMPLEMENTATION NOTIFIED BY RESPONDENT
DS56,"Argentina — Measures Affecting Imports of Footwear, Textiles, Apparel and other Items",UNITED STATES,4 OCTOBER 1996,IMPLEMENTATION NOTIFIED BY RESPONDENT
DS57,"Australia — Textile, Clothing and Footwear Import Credit Scheme",UNITED STATES,7 OCTOBER 1996,IN CONSULTATIONS
DS58,United States — Import Prohibition of Certain Shrimp and Shrimp Products,INDIA; MALAYSIA; PAKISTAN; THAILAND,8 OCTOBER 1996,COMPLIANCE PROCEEDINGS COMPLETED WITHOUT FINDING OF NON-COMPLIANCE
DS59,Indonesia — Certain Measures Affecting the Automobile Industry,UNITED STATES,8 OCTOBER 1996,IMPLEMENTATION NOTIFIED BY RESPONDENT
DS60,Guatemala — Anti-Dumping Investigation Regarding Portland Cement from Mexico,MEXICO,17 OCTOBER 1996,"REPORT(S) ADOPTED, NO FURTHER ACTION REQUIRED"
DS61,United States — Import Prohibition of Certain Shrimp and Shrimp Products,PHILIPPINES,25 OCTOBER 1996,IN CONSULTATIONS
DS62,European Communities — Customs Classification of Certain Computer Equipment,UNITED STATES,8 NOVEMBER 1996,"REPORT(S) ADOPTED, NO FURTHER ACTION REQUIRED"
DS63,United States — Anti-Dumping Measures on Imports of Solid Urea from the Former German Democratic Republic,EUROPEAN COMMUNITIES,28 NOVEMBER 1996,IN CONSULTATIONS
DS64,Indonesia — Certain Measures Affecting the Automobile Industry,JAPAN,29 NOVEMBER 1996,IMPLEMENTATION NOTIFIED BY RESPONDENT
DS65,Brazil — Certain Measures Affecting Trade and Investment in the Automotive Sector,UNITED STATES,10 JANUARY 1997,IN CONSULTATIONS
DS66,Japan — Measures Affecting Imports of Pork,EUROPEAN COMMUNITIES,25 JANUARY 1997,IN CONSULTATIONS
DS67,United Kingdom — Customs Classification of Certain Computer Equipment,UNITED STATES,14 FEBRUARY 1997,"REPORT(S) ADOPTED, NO FURTHER ACTION REQUIRED"
DS68,Ireland — Customs Classification of Certain Computer Equipment,UNITED STATES,14 FEBRUARY 1997,"REPORT(S) ADOPTED, NO FURTHER ACTION REQUIRED"
DS69,European Communities — Measures Affecting Importation of Certain Poultry Products,BRAZIL,24 FEBRUARY 1997,"REPORT(S) ADOPTED, WITH RECOMMENDATION TO BRING MEASURE(S) INTO CONFORMITY"
DS70,Canada — Measures Affecting the Export of Civilian Aircraft,BRAZIL,10 MARCH 1997,COMPLIANCE PROCEEDINGS COMPLETED WITH FINDING(S) OF NON-COMPLIANCE
DS71,Canada — Measures Affecting the Export of Civilian Aircraft,BRAZIL,10 MARCH 1997,IN CONSULTATIONS
DS72,European Communities — Measures Affecting Butter Products,NEW ZEALAND,24 MARCH 1997,"SETTLED OR TERMINATED (WITHDRAWN, MUTUALLY AGREED SOLUTION)"
DS73,Japan — Procurement of a Navigation Satellite,EUROPEAN COMMUNITIES,26 MARCH 1997,"SETTLED OR TERMINATED (WITHDRAWN, MUTUALLY AGREED SOLUTION)"
DS74,Philippines — Measures Affecting Pork and Poultry,UNITED STATES,1 APRIL 1997,"SETTLED OR TERMINATED (WITHDRAWN, MUTUALLY AGREED SOLUTION)"
DS75,"Korea, Republic of — Taxes on Alcoholic Beverages",EUROPEAN COMMUNITIES,2 APRIL 1997,IMPLEMENTATION NOTIFIED BY RESPONDENT
DS76,Japan — Measures Affecting Agricultural Products,UNITED STATES,7 APRIL 1997,MUTUALLY ACCEPTABLE SOLUTION ON IMPLEMENTATION NOTIFIED
DS77,"Argentina — Measures Affecting Textiles, Clothing and Footwear",EUROPEAN COMMUNITIES,23 APRIL 1997,AUTHORITY FOR PANEL LAPSED
DS78,United States — Safeguard Measure Against Imports of Broom Corn Brooms,COLOMBIA,28 APRIL 1997,IN CONSULTATIONS
DS79,India — Patent Protection for Pharmaceutical and Agricultural Chemical Products,EUROPEAN COMMUNITIES,28 APRIL 1997,IMPLEMENTATION NOTIFIED BY RESPONDENT
DS80,Belgium — Measures Affecting Commercial Telephone Directory Services,UNITED STATES,2 MAY 1997,IN CONSULTATIONS
DS81,Brazil — Measures Affecting Trade and Investment in the Automotive Sector,EUROPEAN COMMUNITIES,7 MAY 1997,IN CONSULTATIONS
DS82,Ireland — Measures Affecting the Grant of Copyright and Neighbouring Rights,UNITED STATES,14 MAY 1997,"SETTLED OR TERMINATED (WITHDRAWN, MUTUALLY AGREED SOLUTION)"
DS83,Denmark — Measures Affecting the Enforcement of Intellectual Property Rights,UNITED STATES,14 MAY 1997,"SETTLED OR TERMINATED (WITHDRAWN, MUTUALLY AGREED SOLUTION)"
DS84,"Korea, Republic of — Taxes on Alcoholic Beverages",UNITED STATES,23 MAY 1997,IMPLEMENTATION NOTIFIED BY RESPONDENT
DS85,United States — Measures Affecting Textiles and Apparel Products,EUROPEAN COMMUNITIES,22 MAY 1997,"SETTLED OR TERMINATED (WITHDRAWN, MUTUALLY AGREED SOLUTION)"
DS86,Sweden — Measures Affecting the Enforcement of Intellectual Property Rights,UNITED STATES,28 MAY 1997,"SETTLED OR TERMINATED (WITHDRAWN, MUTUALLY AGREED SOLUTION)"
DS87,Chile — Taxes on Alcoholic Beverages,EUROPEAN COMMUNITIES,4 JUNE 1997,IMPLEMENTATION NOTIFIED BY RESPONDENT
DS88,United States — Measure Affecting Government Procurement,EUROPEAN COMMUNITIES,20 JUNE 1997,AUTHORITY FOR PANEL LAPSED
DS89,United States — Anti-Dumping Duties on Imports of Colour Television Receivers from Korea,"KOREA, REPUBLIC OF",10 JULY 1997,"SETTLED OR TERMINATED (WITHDRAWN, MUTUALLY AGREED SOLUTION)"
DS90,"India — Quantitative Restrictions on Imports of Agricultural, Textile and Industrial Products",UNITED STATES,15 JULY 1997,IMPLEMENTATION NOTIFIED BY RESPONDENT
DS91,"India — Quantitative Restrictions on Imports of Agricultural, Textile and Industrial Products",AUSTRALIA,16 JULY 1997,"SETTLED OR TERMINATED (WITHDRAWN, MUTUALLY AGREED SOLUTION)"
DS92,"India — Quantitative Restrictions on Imports of Agricultural, Textile and Industrial Products",CANADA,16 JULY 1997,"SETTLED OR TERMINATED (WITHDRAWN, MUTUALLY AGREED SOLUTION)"
DS93,"India — Quantitative Restrictions on Imports of Agricultural, Textile and Industrial Products",NEW ZEALAND,16 JULY 1997,"SETTLED OR TERMINATED (WITHDRAWN, MUTUALLY AGREED SOLUTION)"
DS94,"India — Quantitative Restrictions on Imports of Agricultural, Textile and Industrial Products",SWITZERLAND,17 JULY 1997,"SETTLED OR TERMINATED (WITHDRAWN, MUTUALLY AGREED SOLUTION)"
DS95,United States — Measure Affecting Government Procurement,JAPAN,18 JULY 1997,AUTHORITY FOR PANEL LAPSED
DS96,"India — Quantitative Restrictions on Imports of Agricultural, Textile and Industrial Products",EUROPEAN COMMUNITIES,18 JULY 1997,"SETTLED OR TERMINATED (WITHDRAWN, MUTUALLY AGREED SOLUTION)"
DS97,United States — Countervailing Duty Investigation of Imports of Salmon from Chile,CHILE,5 AUGUST 1997,IN CONSULTATIONS
DS98,"Korea, Republic of — Definitive Safeguard Measure on Imports of Certain Dairy Products",EUROPEAN COMMUNITIES,12 AUGUST 1997,IMPLEMENTATION NOTIFIED BY RESPONDENT
DS99,United States — Anti-Dumping Duty on Dynamic Random Access Memory Semiconductors (DRAMS) of One Megabit or Above from Korea,"KOREA, REPUBLIC OF",14 AUGUST 1997,MUTUALLY ACCEPTABLE SOLUTION ON IMPLEMENTATION NOTIFIED
DS100,United States — Measures Affecting Imports of Poultry Products,EUROPEAN COMMUNITIES,18 AUGUST 1997,IN CONSULTATIONS
DS101,Mexico — Anti-Dumping Investigation of High-Fructose Corn Syrup (HFCS) from the United States,UNITED STATES,4 SEPTEMBER 1997,IN CONSULTATIONS
DS102,Philippines — Measures Affecting Pork and Poultry,UNITED STATES,7 OCTOBER 1997,"SETTLED OR TERMINATED (WITHDRAWN, MUTUALLY AGREED SOLUTION)"
DS103,Canada — Measures Affecting the Importation of Milk and the Exportation of Dairy Products,UNITED STATES,8 OCTOBER 1997,MUTUALLY ACCEPTABLE SOLUTION ON IMPLEMENTATION NOTIFIED
DS104,European Communities — Measures Affecting the Exportation of Processed Cheese,UNITED STATES,8 OCTOBER 1997,IN CONSULTATIONS
DS105,"European Communities — Regime for the Importation, Sale and Distribution of Bananas",PANAMA,24 OCTOBER 1997,"SETTLED OR TERMINATED (WITHDRAWN, MUTUALLY AGREED SOLUTION)"
DS106,Australia — Subsidies Provided to Producers and Exporters of Automotive Leather,UNITED STATES,10 NOVEMBER 1997,"SETTLED OR TERMINATED (WITHDRAWN, MUTUALLY AGREED SOLUTION)"
DS107,Pakistan — Export Measures Affecting Hides and Skins,EUROPEAN COMMUNITIES,7 NOVEMBER 1997,IN CONSULTATIONS
DS108,United States — Tax Treatment for “Foreign Sales Corporations”,EUROPEAN COMMUNITIES,18 NOVEMBER 1997,MUTUALLY ACCEPTABLE SOLUTION ON IMPLEMENTATION NOTIFIED
DS109,Chile — Taxes on Alcoholic Beverages,UNITED STATES,11 DECEMBER 1997,IN CONSULTATIONS
DS110,Chile — Taxes on Alcoholic Beverages,EUROPEAN COMMUNITIES,15 DECEMBER 1997,IMPLEMENTATION NOTIFIED BY RESPONDENT
DS111,United States — Tariff Rate Quota for Imports of Groundnuts,ARGENTINA,19 DECEMBER 1997,IN CONSULTATIONS
DS112,Peru — Countervailing Duty Investigation against Imports of Buses from Brazil,BRAZIL,23 DECEMBER 1997,IN CONSULTATIONS
DS113,Canada — Measures Affecting Dairy Exports,NEW ZEALAND,29 DECEMBER 1997,MUTUALLY ACCEPTABLE SOLUTION ON IMPLEMENTATION NOTIFIED
DS114,Canada — Patent Protection of Pharmaceutical Products,EUROPEAN COMMUNITIES,19 DECEMBER 1997,IMPLEMENTATION NOTIFIED BY RESPONDENT
DS115,European Communities — Measures Affecting the Grant of Copyright and Neighbouring Rights,UNITED STATES,6 JANUARY 1998,"SETTLED OR TERMINATED (WITHDRAWN, MUTUALLY AGREED SOLUTION)"
DS116,Brazil — Measures Affecting Payment Terms for Imports,EUROPEAN COMMUNITIES,8 JANUARY 1998,IN CONSULTATIONS
DS117,Canada — Measures Affecting Film Distribution Services,EUROPEAN COMMUNITIES,20 JANUARY 1998,IN CONSULTATIONS
DS118,United States — Harbour Maintenance Tax,EUROPEAN COMMUNITIES,6 FEBRUARY 1998,IN CONSULTATIONS
DS119,Australia — Anti-Dumping Measures on Imports of Coated Woodfree Paper Sheets,SWITZERLAND,20 FEBRUARY 1998,"SETTLED OR TERMINATED (WITHDRAWN, MUTUALLY AGREED SOLUTION)"
DS120,India — Measures Affecting Export of Certain Commodities,EUROPEAN COMMUNITIES,11 MARCH 1998,IN CONSULTATIONS
DS121,Argentina — Safeguard Measures on Imports of Footwear,EUROPEAN COMMUNITIES,6 APRIL 1998,IMPLEMENTATION NOTIFIED BY RESPONDENT
DS122,"Thailand — Anti-Dumping Duties on Angles, Shapes and Sections of Iron or Non-Alloy Steel and H Beams from Poland",POLAND,6 APRIL 1998,IMPLEMENTATION NOTIFIED BY RESPONDENT
DS123,Argentina — Safeguard Measures on Imports of Footwear,INDONESIA,22 APRIL 1998,IN CONSULTATIONS
DS124,European Communities — Enforcement of Intellectual Property Rights for Motion Pictures and Television Programs,UNITED STATES,30 APRIL 1998,"SETTLED OR TERMINATED (WITHDRAWN, MUTUALLY AGREED SOLUTION)"
DS125,Greece — Enforcement of Intellectual Property Rights for Motion Pictures and Television Programs,UNITED STATES,4 MAY 1998,"SETTLED OR TERMINATED (WITHDRAWN, MUTUALLY AGREED SOLUTION)"
DS126,Australia — Subsidies Provided to Producers and Exporters of Automotive Leather,UNITED STATES,4 MAY 1998,MUTUALLY ACCEPTABLE SOLUTION ON IMPLEMENTATION NOTIFIED
DS127,Belgium — Certain Income Tax Measures Constituting Subsidies,UNITED STATES,5 MAY 1998,IN CONSULTATIONS
DS128,Netherlands — Certain Income Tax Measures Constituting Subsidies,UNITED STATES,5 MAY 1998,IN CONSULTATIONS
DS129,Greece — Certain Income Tax Measures Constituting Subsidies,UNITED STATES,5 MAY 1998,IN CONSULTATIONS
DS130,Ireland — Certain Income Tax Measures Constituting Subsidies,UNITED STATES,5 MAY 1998,IN CONSULTATIONS
DS131,France — Certain Income Tax Measures Constituting Subsidies,UNITED STATES,5 MAY 1998,IN CONSULTATIONS
DS132,Mexico — Anti-Dumping Investigation of High-Fructose Corn Syrup (HFCS) from the United States,UNITED STATES,8 MAY 1998,COMPLIANCE PROCEEDINGS COMPLETED WITH FINDING(S) OF NON-COMPLIANCE
DS133,Slovak Republic — Measures Concerning the Importation of Dairy Products and the Transit of Cattle,SWITZERLAND,7 MAY 1998,IN CONSULTATIONS
DS134,European Communities — Restrictions on Certain Import Duties on Rice,INDIA,27 MAY 1998,IN CONSULTATIONS
DS135,European Communities — Measures Affecting Asbestos and Products Containing Asbestos,CANADA,28 MAY 1998,"REPORT(S) ADOPTED, NO FURTHER ACTION REQUIRED"
DS136,United States — Anti-Dumping Act of 1916,EUROPEAN COMMUNITIES,4 JUNE 1998,IMPLEMENTATION NOTIFIED BY RESPONDENT
DS137,European Communities — Measures Affecting Imports of Wood of Conifers from Canada,CANADA,17 JUNE 1998,IN CONSULTATIONS
DS138,United States — Imposition of Countervailing Duties on Certain Hot-Rolled Lead and Bismuth Carbon Steel Products Originating in the United Kingdom,EUROPEAN COMMUNITIES,12 JUNE 1998,IMPLEMENTATION NOTIFIED BY RESPONDENT
DS139,Canada — Certain Measures Affecting the Automotive Industry,JAPAN,3 JULY 1998,IMPLEMENTATION NOTIFIED BY RESPONDENT
DS140,European Communities — Anti-Dumping Investigations Regarding Unbleached Cotton Fabrics from India,INDIA,3 AUGUST 1998,IN CONSULTATIONS
DS141,European Communities — Anti-Dumping Duties on Imports of Cotton-type Bed Linen from India,INDIA,3 AUGUST 1998,COMPLIANCE PROCEEDINGS COMPLETED WITH FINDING(S) OF NON-COMPLIANCE
DS142,Canada — Certain Measures Affecting the Automotive Industry,EUROPEAN COMMUNITIES,17 AUGUST 1998,IMPLEMENTATION NOTIFIED BY RESPONDENT
DS143,Slovak Republic — Measure Affecting Import Duty on Wheat from Hungary,HUNGARY,19 SEPTEMBER 1998,IN CONSULTATIONS
DS144,"United States — Certain Measures Affecting the Import of Cattle, Swine and Grain from Canada",CANADA,25 SEPTEMBER 1998,IN CONSULTATIONS
DS145,Argentina — Countervailing Duties on Imports of Wheat Gluten from the European Communities,EUROPEAN COMMUNITIES,23 SEPTEMBER 1998,IN CONSULTATIONS
DS146,India — Measures Affecting the Automotive Sector,EUROPEAN COMMUNITIES,6 OCTOBER 1998,IMPLEMENTATION NOTIFIED BY RESPONDENT
DS147,Japan — Tariff Quotas and Subsidies Affecting Leather,EUROPEAN COMMUNITIES,8 OCTOBER 1998,IN CONSULTATIONS
DS148,Czech Republic — Measure Affecting Import Duty on Wheat from Hungary,HUNGARY,12 OCTOBER 1998,IN CONSULTATIONS
DS149,India — Import Restrictions,EUROPEAN COMMUNITIES,28 OCTOBER 1998,IN CONSULTATIONS
DS150,India — Measures Affecting Customs Duties,EUROPEAN COMMUNITIES,31 OCTOBER 1998,IN CONSULTATIONS
DS151,United States — Measures Affecting Textiles and Apparel Products (II),EUROPEAN COMMUNITIES,19 NOVEMBER 1998,"SETTLED OR TERMINATED (WITHDRAWN, MUTUALLY AGREED SOLUTION)"
DS152,United States — Sections 301–310 of the Trade Act 1974,EUROPEAN COMMUNITIES,25 NOVEMBER 1998,"REPORT(S) ADOPTED, NO FURTHER ACTION REQUIRED"
DS153,European Communities — Patent Protection for Pharmaceutical and Agricultural Chemical Products,CANADA,2 DECEMBER 1998,IN CONSULTATIONS
DS154,European Communities — Measures Affecting Differential and Favourable Treatment of Coffee,BRAZIL,7 DECEMBER 1998,IN CONSULTATIONS
DS155,Argentina — Measures Affecting the Export of Bovine Hides and the Import of Finished Leather,EUROPEAN COMMUNITIES,23 DECEMBER 1998,"REPORT(S) ADOPTED, WITH RECOMMENDATION TO BRING MEASURE(S) INTO CONFORMITY"
DS156,Guatemala — Definitive Anti-Dumping Measure on Grey Portland Cement from Mexico,MEXICO,5 JANUARY 1999,IMPLEMENTATION NOTIFIED BY RESPONDENT
DS157,Argentina — Definitive Anti-Dumping Measures on Imports of Drill Bits from Italy,EUROPEAN COMMUNITIES,14 JANUARY 1999,IN CONSULTATIONS
DS158,"European Communities — Regime for the Importation, Sale and Distribution of Bananas",GUATEMALA; HONDURAS; MEXICO; PANAMA; UNITED STATES,20 JANUARY 1999,"SETTLED OR TERMINATED (WITHDRAWN, MUTUALLY AGREED SOLUTION)"
DS159,Hungary — Safeguard Measure on Imports of Steel Products from the Czech Republic,CZECH REPUBLIC,21 JANUARY 1999,IN CONSULTATIONS
DS160,United States — Section 110(5) of US Copyright Act,EUROPEAN COMMUNITIES,26 JANUARY 1999,AUTHORIZATION TO RETALIATE REQUESTED (INCLUDING 22.6 ARBITRATION)
DS161,"Korea, Republic of — Measures Affecting Imports of Fresh, Chilled and Frozen Beef",UNITED STATES,1 FEBRUARY 1999,IMPLEMENTATION NOTIFIED BY RESPONDENT
DS162,United States — Anti-Dumping Act of 1916,JAPAN,10 FEBRUARY 1999,IMPLEMENTATION NOTIFIED BY RESPONDENT
DS163,"Korea, Republic of — Measures Affecting Government Procurement",UNITED STATES,16 FEBRUARY 1999,"REPORT(S) ADOPTED, NO FURTHER ACTION REQUIRED"
DS164,Argentina — Measures Affecting Imports of Footwear,UNITED STATES,1 MARCH 1999,"PANEL ESTABLISHED, BUT NOT YET COMPOSED"
DS165,United States — Import Measures on Certain Products from the European Communities,EUROPEAN COMMUNITIES,4 MARCH 1999,"REPORT(S) ADOPTED, NO FURTHER ACTION REQUIRED"
DS166,United States — Definitive Safeguard Measures on Imports of Wheat Gluten from the European Communities,EUROPEAN COMMUNITIES,17 MARCH 1999,"REPORT(S) ADOPTED, WITH RECOMMENDATION TO BRING MEASURE(S) INTO CONFORMITY"
DS167,United States — Countervailing Duty Investigation with respect to Live Cattle from Canada,CANADA,19 MARCH 1999,IN CONSULTATIONS
DS168,South Africa — Anti-Dumping Duties on Certain Pharmaceutical Products from India,INDIA,1 APRIL 1999,IN CONSULTATIONS
DS169,"Korea, Republic of — Measures Affecting Imports of Fresh, Chilled and Frozen Beef",AUSTRALIA,13 APRIL 1999,IMPLEMENTATION NOTIFIED BY RESPONDENT
DS170,Canada — Term of Patent Protection,UNITED STATES,6 MAY 1999,IMPLEMENTATION NOTIFIED BY RESPONDENT
DS171,Argentina — Patent Protection for Pharmaceuticals and Test Data Protection for Agricultural Chemicals,UNITED STATES,6 MAY 1999,"SETTLED OR TERMINATED (WITHDRAWN, MUTUALLY AGREED SOLUTION)"
DS172,European Communities — Measures Relating to the Development of a Flight Management System,UNITED STATES,21 MAY 1999,IN CONSULTATIONS
DS173,France — Measures Relating to the Development of a Flight Management System,UNITED STATES,21 MAY 1999,IN CONSULTATIONS
DS174,European Communities — Protection of Trademarks and Geographical Indications for Agricultural Products and Foodstuffs,UNITED STATES,1 JUNE 1999,IMPLEMENTATION NOTIFIED BY RESPONDENT
DS175,India — Measures Affecting Trade and Investment in the Motor Vehicle Sector,UNITED STATES,2 JUNE 1999,IMPLEMENTATION NOTIFIED BY RESPONDENT
DS176,United States — Section 211 Omnibus Appropriations Act of 1998,EUROPEAN COMMUNITIES,8 JULY 1999,"REPORT(S) ADOPTED, WITH RECOMMENDATION TO BRING MEASURE(S) INTO CONFORMITY"
DS177,"United States — Safeguard Measure on Imports of Fresh, Chilled or Frozen Lamb from New Zealand",NEW ZEALAND,16 JULY 1999,IMPLEMENTATION NOTIFIED BY RESPONDENT
DS178,"United States — Safeguard Measure on Imports of Fresh, Chilled or Frozen Lamb from Australia",AUSTRALIA,23 JULY 1999,IMPLEMENTATION NOTIFIED BY RESPONDENT
DS179,United States — Anti-Dumping measures on Stainless Steel Plate in Coils and Stainless Steel Sheet and Strip from Korea,"KOREA, REPUBLIC OF",30 JULY 1999,IMPLEMENTATION NOTIFIED BY RESPONDENT
DS180,United States — Reclassification of Certain Sugar Syrups,CANADA,6 SEPTEMBER 1999,IN CONSULTATIONS
DS181,Colombia — Safeguard Measure of Imports of Plain Polyester Filaments from Thailand,THAILAND,7 SEPTEMBER 1999,"SETTLED OR TERMINATED (WITHDRAWN, MUTUALLY AGREED SOLUTION)"
DS182,Ecuador — Provisional Anti-Dumping Measure on Cement from Mexico,MEXICO,5 OCTOBER 1999,IN CONSULTATIONS
DS183,Brazil — Measures on Import Licensing and Minimum Import Prices,EUROPEAN COMMUNITIES,14 OCTOBER 1999,IN CONSULTATIONS
DS184,United States — Anti-Dumping Measures on Certain Hot-Rolled Steel Products from Japan,JAPAN,18 NOVEMBER 1999,"REPORT(S) ADOPTED, WITH RECOMMENDATION TO BRING MEASURE(S) INTO CONFORMITY"
DS185,Trinidad and Tobago — Anti-Dumping Measures on Pasta from Costa Rica,COSTA RICA,18 NOVEMBER 1999,IN CONSULTATIONS
DS186,United States — Section 337 of the Tariff Act of 1930 and Amendments thereto,EUROPEAN COMMUNITIES,12 JANUARY 2000,IN CONSULTATIONS
DS187,Trinidad and Tobago — Provisional Anti-Dumping Measure on Macaroni and Spaghetti from Costa Rica,COSTA RICA,17 JANUARY 2000,IN CONSULTATIONS
DS188,Nicaragua — Measures Affecting Imports from Honduras and Colombia,COLOMBIA,17 JANUARY 2000,"PANEL ESTABLISHED, BUT NOT YET COMPOSED"
DS189,Argentina — Definitive Anti-Dumping Measures on Carton-Board Imports from Germany and Definitive Anti-Dumping Measures on Imports of Ceramic Tiles from Italy,EUROPEAN COMMUNITIES,26 JANUARY 2000,IMPLEMENTATION NOTIFIED BY RESPONDENT
DS190,Argentina — Transitional Safeguard Measures on Certain Imports of Woven Fabric Products of Cotton and Cotton Mixtures Originating in Brazil,BRAZIL,11 FEBRUARY 2000,"SETTLED OR TERMINATED (WITHDRAWN, MUTUALLY AGREED SOLUTION)"
DS191,Ecuador — Definitive Anti-Dumping Measure on Cement from Mexico,MEXICO,15 MARCH 2000,IN CONSULTATIONS
DS192,United States — Transitional Safeguard Measure on Combed Cotton Yarn from Pakistan,PAKISTAN,3 APRIL 2000,IMPLEMENTATION NOTIFIED BY RESPONDENT
DS193,Chile — Measures affecting the Transit and Importing of Swordfish,EUROPEAN COMMUNITIES,19 APRIL 2000,"SETTLED OR TERMINATED (WITHDRAWN, MUTUALLY AGREED SOLUTION)"
DS194,United States — Measures Treating Export Restraints as Subsidies,CANADA,19 MAY 2000,"REPORT(S) ADOPTED, NO FURTHER ACTION REQUIRED"
DS195,Philippines — Measures Affecting Trade and Investment in the Motor Vehicle Sector,UNITED STATES,23 MAY 2000,"PANEL ESTABLISHED, BUT NOT YET COMPOSED"
DS196,Argentina — Certain Measures on the Protection of Patents and Test Data,UNITED STATES,30 MAY 2000,"SETTLED OR TERMINATED (WITHDRAWN, MUTUALLY AGREED SOLUTION)"
DS197,Brazil — Measures on Minimum Import Prices,UNITED STATES,30 MAY 2000,IN CONSULTATIONS
DS198,Romania — Measures on Minimum Import Prices,UNITED STATES,30 MAY 2000,"SETTLED OR TERMINATED (WITHDRAWN, MUTUALLY AGREED SOLUTION)"
DS199,Brazil — Measures Affecting Patent Protection,UNITED STATES,30 MAY 2000,"SETTLED OR TERMINATED (WITHDRAWN, MUTUALLY AGREED SOLUTION)"
DS200,United States — Section 306 of the Trade Act 1974 and Amendments thereto,EUROPEAN COMMUNITIES,5 JUNE 2000,IN CONSULTATIONS
DS201,Nicaragua — Measures Affecting Imports from Honduras and Colombia,HONDURAS,6 JUNE 2000,IN CONSULTATIONS
DS202,United States — Definitive Safeguard Measures on Imports of Circular Welded Carbon Quality Line Pipe from Korea,"KOREA, REPUBLIC OF",13 JUNE 2000,IMPLEMENTATION NOTIFIED BY RESPONDENT
DS203,Mexico — Measures Affecting Trade in Live Swine,UNITED STATES,10 JULY 2000,IN CONSULTATIONS
DS204,Mexico — Measures Affecting Telecommunications Services,UNITED STATES,17 AUGUST 2000,IMPLEMENTATION NOTIFIED BY RESPONDENT
DS205,Egypt — Import Prohibition on Canned Tuna with Soybean Oil,THAILAND,22 SEPTEMBER 2000,IN CONSULTATIONS
DS206,United States — Anti-Dumping and Countervailing Measures on Steel Plate from India,INDIA,4 OCTOBER 2000,IMPLEMENTATION NOTIFIED BY RESPONDENT
DS207,Chile — Price Band System and Safeguard Measures Relating to Certain Agricultural Products,ARGENTINA,5 OCTOBER 2000,COMPLIANCE PROCEEDINGS COMPLETED WITH FINDING(S) OF NON-COMPLIANCE
DS208,Turkey — Anti-Dumping Duty on Steel and Iron Pipe Fittings,BRAZIL,9 OCTOBER 2000,IN CONSULTATIONS
DS209,European Communities — Measures Affecting Soluble Coffee,BRAZIL,12 OCTOBER 2000,IN CONSULTATIONS
DS210,Belgium — Administration of Measures Establishing Customs Duties for Rice,UNITED STATES,12 OCTOBER 2000,"SETTLED OR TERMINATED (WITHDRAWN, MUTUALLY AGREED SOLUTION)"
DS211,Egypt — Definitive Anti-Dumping Measures on Steel Rebar from Turkey,TURKEY,6 NOVEMBER 2000,IMPLEMENTATION NOTIFIED BY RESPONDENT
DS212,United States — Countervailing Measures Concerning Certain Products from the European Communities,EUROPEAN COMMUNITIES,10 NOVEMBER 2000,IMPLEMENTATION NOTIFIED BY RESPONDENT
DS213,United States — Countervailing Duties on Certain Corrosion-Resistant Carbon Steel Flat Products from Germany,EUROPEAN COMMUNITIES,10 NOVEMBER 2000,IMPLEMENTATION NOTIFIED BY RESPONDENT
DS214,United States — Definitive Safeguard Measures on Imports of Steel Wire Rod and Circular Welded Quality Line Pipe,EUROPEAN COMMUNITIES,1 DECEMBER 2000,"PANEL ESTABLISHED, BUT NOT YET COMPOSED"
DS215,Philippines — Anti-Dumping Measures Regarding Polypropylene Resins from Korea,"KOREA, REPUBLIC OF",15 DECEMBER 2000,IN CONSULTATIONS
DS216,Mexico — Provisional Anti-Dumping Measure on Electric Transformers,BRAZIL,20 DECEMBER 2000,IN CONSULTATIONS
DS217,United States — Continued Dumping and Subsidy Offset Act of 2000,"AUSTRALIA; BRAZIL; CHILE; EUROPEAN COMMUNITIES; INDIA; INDONESIA; JAPAN; KOREA, REPUBLIC OF; THAILAND",21 DECEMBER 2000,AUTHORIZATION TO RETALIATE GRANTED
DS218,United States — Countervailing Duties on Certain Carbon Steel Products from Brazil,BRAZIL,21 DECEMBER 2000,IN CONSULTATIONS
DS219,European Communities — Anti-Dumping Duties on Malleable Cast Iron Tube or Pipe Fittings from Brazil,BRAZIL,21 DECEMBER 2000,IMPLEMENTATION NOTIFIED BY RESPONDENT
DS220,Chile — Price Band System and Safeguard Measures Relating to Certain Agricultural Products,GUATEMALA,5 JANUARY 2001,IN CONSULTATIONS
DS221,United States — Section 129(c)(1) of the Uruguay Round Agreements Act,CANADA,17 JANUARY 2001,"REPORT(S) ADOPTED, NO FURTHER ACTION REQUIRED"
DS222,Canada — Export Credits and Loan Guarantees for Regional Aircraft,BRAZIL,22 JANUARY 2001,AUTHORIZATION TO RETALIATE GRANTED
DS223,European Communities — Tariff-Rate Quota on Corn Gluten Feed from the United States,UNITED STATES,25 JANUARY 2001,IN CONSULTATIONS
DS224,United States — US Patents Code,BRAZIL,31 JANUARY 2001,IN CONSULTATIONS
DS225,United States — Anti-Dumping Duties on Seamless Pipe from Italy,EUROPEAN COMMUNITIES,5 FEBRUARY 2001,IN CONSULTATIONS
DS226,Chile — Provisional Safeguard Measure on Mixtures of Edible Oils,ARGENTINA,19 FEBRUARY 2001,IN CONSULTATIONS
DS227,Peru — Taxes on Cigarettes,CHILE,1 MARCH 2001,"SETTLED OR TERMINATED (WITHDRAWN, MUTUALLY AGREED SOLUTION)"
DS228,Chile — Safeguard Measures on Sugar,COLOMBIA,15 MARCH 2001,"SETTLED OR TERMINATED (WITHDRAWN, MUTUALLY AGREED SOLUTION)"
DS229,Brazil — Anti-Dumping Duties on Jute Bags from India,INDIA,9 APRIL 2001,IN CONSULTATIONS
DS230,Chile — Safeguard Measures and Modification of Schedules Regarding Sugar,COLOMBIA,17 APRIL 2001,IN CONSULTATIONS
DS231,European Communities — Trade Description of Sardines,PERU,20 MARCH 2001,MUTUALLY ACCEPTABLE SOLUTION ON IMPLEMENTATION NOTIFIED
DS232,Mexico — Measures Affecting the Import of Matches,CHILE,17 MAY 2001,"SETTLED OR TERMINATED (WITHDRAWN, MUTUALLY AGREED SOLUTION)"
DS233,Argentina — Measures Affecting the Import of Pharmaceutical Products,INDIA,25 MAY 2001,IN CONSULTATIONS
DS234,United States — Continued Dumping and Subsidy Offset Act of 2000,CANADA; MEXICO,21 MAY 2001,"AUTHORIZATION TO RETALIATE GRANTED, AUTHORIZATION TO RETALIATE GRANTED"
DS235,Slovak Republic — Safeguard Measure on Imports of Sugar,POLAND,11 JULY 2001,"SETTLED OR TERMINATED (WITHDRAWN, MUTUALLY AGREED SOLUTION)"
DS236,United States — Preliminary Determinations with Respect to Certain Softwood Lumber from Canada,CANADA,21 AUGUST 2001,MUTUALLY ACCEPTABLE SOLUTION ON IMPLEMENTATION NOTIFIED
DS237,Turkey — Certain Import Procedures for Fresh Fruit,ECUADOR,31 AUGUST 2001,"SETTLED OR TERMINATED (WITHDRAWN, MUTUALLY AGREED SOLUTION)"
DS238,Argentina — Definitive Safeguard Measure on Imports of Preserved Peaches,CHILE,14 SEPTEMBER 2001,IMPLEMENTATION NOTIFIED BY RESPONDENT
DS239,United States — Anti-Dumping Duties on Silicon Metal from Brazil,BRAZIL,18 SEPTEMBER 2001,IN CONSULTATIONS
DS240,Romania — Import Prohibition on Wheat and Wheat Flour,HUNGARY,18 OCTOBER 2001,"SETTLED OR TERMINATED (WITHDRAWN, MUTUALLY AGREED SOLUTION)"
DS241,Argentina — Definitive Anti-Dumping Duties on Poultry from Brazil,BRAZIL,7 NOVEMBER 2001,"REPORT(S) ADOPTED, WITH RECOMMENDATION TO BRING MEASURE(S) INTO CONFORMITY"
DS242,European Communities — Generalized System of Preferences,THAILAND,7 DECEMBER 2001,IN CONSULTATIONS
DS243,United States — Rules of Origin for Textiles and Apparel Products,INDIA,11 JANUARY 2002,"REPORT(S) ADOPTED, NO FURTHER ACTION REQUIRED"
DS244,United States — Sunset Review of Anti-Dumping Duties on Corrosion-Resistant Carbon Steel Flat Products from Japan,JAPAN,30 JANUARY 2002,"REPORT(S) ADOPTED, NO FURTHER ACTION REQUIRED"
DS245,Japan — Measures Affecting the Importation of Apples,UNITED STATES,1 MARCH 2002,MUTUALLY ACCEPTABLE SOLUTION ON IMPLEMENTATION NOTIFIED
DS246,European Communities — Conditions for the Granting of Tariff Preferences to Developing Countries,INDIA,5 MARCH 2002,IMPLEMENTATION NOTIFIED BY RESPONDENT
DS247,United States — Provisional Anti-Dumping Measure on Imports of Certain Softwood Lumber from Canada,CANADA,6 MARCH 2002,"SETTLED OR TERMINATED (WITHDRAWN, MUTUALLY AGREED SOLUTION)"
DS248,United States — Definitive Safeguard Measures on Imports of Certain Steel Products,EUROPEAN COMMUNITIES,7 MARCH 2002,"REPORT(S) ADOPTED, NO FURTHER ACTION REQUIRED"
DS249,United States — Definitive Safeguard Measures on Imports of Certain Steel Products,JAPAN,20 MARCH 2002,"REPORT(S) ADOPTED, NO FURTHER ACTION REQUIRED"
DS250,United States — Equalizing Excise Tax Imposed by Florida on Processed Orange and Grapefruit Products,BRAZIL,20 MARCH 2002,"SETTLED OR TERMINATED (WITHDRAWN, MUTUALLY AGREED SOLUTION)"
DS251,United States — Definitive Safeguard Measures on Imports of Certain Steel Products,"KOREA, REPUBLIC OF",20 MARCH 2002,"REPORT(S) ADOPTED, NO FURTHER ACTION REQUIRED"
DS252,United States — Definitive Safeguard Measures on Imports of Certain Steel Products,CHINA,26 MARCH 2002,"REPORT(S) ADOPTED, NO FURTHER ACTION REQUIRED"
DS253,United States — Definitive Safeguard Measures on Imports of Certain Steel Products,SWITZERLAND,3 APRIL 2002,"REPORT(S) ADOPTED, NO FURTHER ACTION REQUIRED"
DS254,United States — Definitive Safeguard Measures on Imports of Certain Steel Products,NORWAY,4 APRIL 2002,"REPORT(S) ADOPTED, NO FURTHER ACTION REQUIRED"
DS255,Peru — Tax Treatment on Certain Imported Products,CHILE,22 APRIL 2002,"SETTLED OR TERMINATED (WITHDRAWN, MUTUALLY AGREED SOLUTION)"
DS256,Turkey — Import Ban on Pet Food from Hungary,HUNGARY,3 MAY 2002,IN CONSULTATIONS
DS257,United States — Final Countervailing Duty Determination with respect to certain Softwood Lumber from Canada,CANADA,3 MAY 2002,MUTUALLY ACCEPTABLE SOLUTION ON IMPLEMENTATION NOTIFIED
DS258,United States — Definitive Safeguard Measures on Imports of Certain Steel Products,NEW ZEALAND,14 MAY 2002,"REPORT(S) ADOPTED, NO FURTHER ACTION REQUIRED"
DS259,United States — Definitive Safeguard Measures on Imports of Certain Steel Products,BRAZIL,21 MAY 2002,"REPORT(S) ADOPTED, NO FURTHER ACTION REQUIRED"
DS260,European Communities — Provisional Safeguard Measures on Imports of Certain Steel Products,UNITED STATES,30 MAY 2002,"PANEL ESTABLISHED, BUT NOT YET COMPOSED"
DS261,Uruguay — Tax Treatment on Certain Products,CHILE,18 JUNE 2002,"SETTLED OR TERMINATED (WITHDRAWN, MUTUALLY AGREED SOLUTION)"
DS262,United States — Sunset Reviews of Anti-Dumping and Countervailing Duties on Certain Steel Products from France and Germany,EUROPEAN COMMUNITIES,25 JULY 2002,IN CONSULTATIONS
DS263,European Communities — Measures Affecting Imports of Wine,ARGENTINA,4 SEPTEMBER 2002,IN CONSULTATIONS
DS264,United States — Final Dumping Determination on Softwood Lumber from Canada,CANADA,13 SEPTEMBER 2002,MUTUALLY ACCEPTABLE SOLUTION ON IMPLEMENTATION NOTIFIED
DS265,European Communities — Export Subsidies on Sugar,AUSTRALIA,27 SEPTEMBER 2002,"REPORT(S) ADOPTED, WITH RECOMMENDATION TO BRING MEASURE(S) INTO CONFORMITY"
DS266,European Communities — Export Subsidies on Sugar,BRAZIL,27 SEPTEMBER 2002,"REPORT(S) ADOPTED, WITH RECOMMENDATION TO BRING MEASURE(S) INTO CONFORMITY"
DS267,United States — Subsidies on Upland Cotton,BRAZIL,27 SEPTEMBER 2002,MUTUALLY ACCEPTABLE SOLUTION ON IMPLEMENTATION NOTIFIED
DS268,United States — Sunset Reviews of Anti-Dumping Measures on Oil Country Tubular Goods from Argentina,ARGENTINA,7 OCTOBER 2002,AUTHORIZATION TO RETALIATE REQUESTED (INCLUDING 22.6 ARBITRATION)
DS269,European Communities — Customs Classification of Frozen Boneless Chicken Cuts,BRAZIL,11 OCTOBER 2002,IMPLEMENTATION NOTIFIED BY RESPONDENT
DS270,Australia — Certain Measures Affecting the Importation of Fresh Fruit and Vegetables,PHILIPPINES,18 OCTOBER 2002,"PANEL ESTABLISHED, BUT NOT YET COMPOSED"
DS271,Australia — Certain Measures Affecting the Importation of Fresh Pineapple,PHILIPPINES,18 OCTOBER 2002,IN CONSULTATIONS
DS272,Peru — Provisional Anti-Dumping Duties on Vegetable Oils from Argentina,ARGENTINA,21 OCTOBER 2002,IN CONSULTATIONS
DS273,"Korea, Republic of — Measures Affecting Trade in Commercial Vessels",EUROPEAN COMMUNITIES,21 OCTOBER 2002,IMPLEMENTATION NOTIFIED BY RESPONDENT
DS274,United States — Definitive Safeguard Measures on Imports of Certain Steel Products,CHINESE TAIPEI,1 NOVEMBER 2002,IN CONSULTATIONS
DS275,"Venezuela, Bolivarian Republic of — Import Licensing Measures on Certain Agricultural Products",UNITED STATES,7 NOVEMBER 2002,IN CONSULTATIONS
DS276,Canada — Measures Relating to Exports of Wheat and Treatment of Imported Grain,UNITED STATES,17 DECEMBER 2002,IMPLEMENTATION NOTIFIED BY RESPONDENT
DS277,United States — Investigation of the International Trade Commission in Softwood Lumber from Canada,CANADA,20 DECEMBER 2002,MUTUALLY ACCEPTABLE SOLUTION ON IMPLEMENTATION NOTIFIED
DS278,Chile — Definitive Safeguard Measure on Imports of Fructose,ARGENTINA,20 DECEMBER 2002,IN CONSULTATIONS
DS279,India — Import Restrictions Maintained Under the Export and Import Policy 2002-2007,EUROPEAN COMMUNITIES,23 DECEMBER 2002,IN CONSULTATIONS
DS280,United States — Countervailing Duties on Steel Plate from Mexico,MEXICO,21 JANUARY 2003,"PANEL ESTABLISHED, BUT NOT YET COMPOSED"
DS281,United States — Anti-Dumping Measures on Cement from Mexico,MEXICO,31 JANUARY 2003,"SETTLED OR TERMINATED (WITHDRAWN, MUTUALLY AGREED SOLUTION)"
DS282,United States — Anti-Dumping Measures on Oil Country Tubular Goods (OCTG) from Mexico,MEXICO,18 FEBRUARY 2003,AUTHORITY FOR PANEL LAPSED
DS283,European Communities — Export Subsidies on Sugar,THAILAND,14 MARCH 2003,"REPORT(S) ADOPTED, WITH RECOMMENDATION TO BRING MEASURE(S) INTO CONFORMITY"
DS284,Mexico — Certain Measures Preventing the Importation of Black Beans from Nicaragua,NICARAGUA,17 MARCH 2003,"SETTLED OR TERMINATED (WITHDRAWN, MUTUALLY AGREED SOLUTION)"
DS285,United States — Measures Affecting the Cross-Border Supply of Gambling and Betting Services,ANTIGUA AND BARBUDA,13 MARCH 2003,AUTHORIZATION TO RETALIATE GRANTED
DS286,European Communities — Customs Classification of Frozen Boneless Chicken Cuts,THAILAND,25 MARCH 2003,IMPLEMENTATION NOTIFIED BY RESPONDENT
DS287,Australia — Quarantine Regime for Imports,EUROPEAN COMMUNITIES,3 APRIL 2003,"SETTLED OR TERMINATED (WITHDRAWN, MUTUALLY AGREED SOLUTION)"
DS288,South Africa — Definitive Anti-Dumping Measures on Blanketing from Turkey,TURKEY,9 APRIL 2003,IN CONSULTATIONS
DS289,Czech Republic — Additional Duty on Imports of Pig-Meat from Poland,POLAND,16 APRIL 2003,IN CONSULTATIONS
DS290,European Communities — Protection of Trademarks and Geographical Indications for Agricultural Products and Foodstuffs,AUSTRALIA,17 APRIL 2003,IMPLEMENTATION NOTIFIED BY RESPONDENT
DS291,European Communities — Measures Affecting the Approval and Marketing of Biotech Products,UNITED STATES,13 MAY 2003,AUTHORIZATION TO RETALIATE REQUESTED (INCLUDING 22.6 ARBITRATION)
DS292,European Communities — Measures Affecting the Approval and Marketing of Biotech Products,CANADA,13 MAY 2003,"SETTLED OR TERMINATED (WITHDRAWN, MUTUALLY AGREED SOLUTION)"
DS293,European Communities — Measures Affecting the Approval and Marketing of Biotech Products,ARGENTINA,14 MAY 2003,"SETTLED OR TERMINATED (WITHDRAWN, MUTUALLY AGREED SOLUTION)"
DS294,"United States — Laws, Regulations and Methodology for Calculating Dumping Margins (Zeroing)",EUROPEAN COMMUNITIES,12 JUNE 2003,"REPORT(S) ADOPTED, WITH RECOMMENDATION TO BRING MEASURE(S) INTO CONFORMITY"
DS295,Mexico — Definitive Anti-Dumping Measures on Beef and Rice,UNITED STATES,16 JUNE 2003,"REPORT(S) ADOPTED, WITH RECOMMENDATION TO BRING MEASURE(S) INTO CONFORMITY"
DS296,United States — Countervailing Duty Investigation on Dynamic Random Access Memory Semiconductors (DRAMS) from Korea,"KOREA, REPUBLIC OF",30 JUNE 2003,IMPLEMENTATION NOTIFIED BY RESPONDENT
DS297,Croatia — Measures Affecting Imports of Live Animals and Meat Products,HUNGARY,9 JULY 2003,"SETTLED OR TERMINATED (WITHDRAWN, MUTUALLY AGREED SOLUTION)"
DS298,Mexico — Certain Pricing Measures for Customs Valuation and Other Purposes,GUATEMALA,22 JULY 2003,"SETTLED OR TERMINATED (WITHDRAWN, MUTUALLY AGREED SOLUTION)"
DS299,European Communities — Countervailing Measures on Dynamic Random Access Memory Chips from Korea,"KOREA, REPUBLIC OF",25 JULY 2003,IMPLEMENTATION NOTIFIED BY RESPONDENT
DS300,Dominican Republic — Measures Affecting the Importation of Cigarettes,HONDURAS,28 AUGUST 2003,IN CONSULTATIONS
DS301,European Communities — Measures Affecting Trade in Commercial Vessels,"KOREA, REPUBLIC OF",3 SEPTEMBER 2003,MUTUALLY ACCEPTABLE SOLUTION ON IMPLEMENTATION NOTIFIED
DS302,Dominican Republic — Measures Affecting the Importation and Internal Sale of Cigarettes,HONDURAS,8 OCTOBER 2003,"REPORT(S) ADOPTED, WITH RECOMMENDATION TO BRING MEASURE(S) INTO CONFORMITY"
DS303,Ecuador — Definitive Safeguard Measure on Imports of Medium Density Fibreboard,CHILE,24 NOVEMBER 2003,IN CONSULTATIONS
DS304,India — Anti-Dumping Measures on Imports of Certain Products from the European Communities,EUROPEAN COMMUNITIES,8 DECEMBER 2003,IN CONSULTATIONS
DS305,Egypt — Measures Affecting Imports of Textile and Apparel Products,UNITED STATES,23 DECEMBER 2003,"SETTLED OR TERMINATED (WITHDRAWN, MUTUALLY AGREED SOLUTION)"
DS306,India — Anti-Dumping Measure on Batteries from Bangladesh,BANGLADESH,28 JANUARY 2004,"SETTLED OR TERMINATED (WITHDRAWN, MUTUALLY AGREED SOLUTION)"
DS307,European Communities — Aid for Commercial Vessels,"KOREA, REPUBLIC OF",13 FEBRUARY 2004,IN CONSULTATIONS
DS308,Mexico — Tax Measures on Soft Drinks and Other Beverages,UNITED STATES,16 MARCH 2004,IMPLEMENTATION NOTIFIED BY RESPONDENT
DS309,China — Value-Added Tax on Integrated Circuits,UNITED STATES,18 MARCH 2004,"SETTLED OR TERMINATED (WITHDRAWN, MUTUALLY AGREED SOLUTION)"
DS310,United States — Determination of the International Trade Commission in Hard Red Spring Wheat from Canada,CANADA,8 APRIL 2004,IN CONSULTATIONS
DS311,United States — Reviews of Countervailing Duty on Softwood Lumber from Canada,CANADA,14 APRIL 2004,"SETTLED OR TERMINATED (WITHDRAWN, MUTUALLY AGREED SOLUTION)"
DS312,"Korea, Republic of — Anti-Dumping Duties on Imports of Certain Paper from Indonesia",INDONESIA,4 JUNE 2004,COMPLIANCE PROCEEDINGS COMPLETED WITH FINDING(S) OF NON-COMPLIANCE
DS313,European Communities — Anti-Dumping Duties on Certain Flat Rolled Iron or Non-Alloy Steel Products from India,INDIA,5 JULY 2004,"SETTLED OR TERMINATED (WITHDRAWN, MUTUALLY AGREED SOLUTION)"
DS314,Mexico — Provisional Countervailing Measures on Olive Oil from the European Communities,EUROPEAN COMMUNITIES,18 AUGUST 2004,IN CONSULTATIONS
DS315,European Communities — Selected Customs Matters,UNITED STATES,21 SEPTEMBER 2004,IMPLEMENTATION NOTIFIED BY RESPONDENT
DS316,European Communities and Certain Member States — Measures Affecting Trade in Large Civil Aircraft,UNITED STATES,6 OCTOBER 2004,COMPLIANCE PROCEEDINGS ONGOING
DS317,United States — Measures Affecting Trade in Large Civil Aircraft,EUROPEAN COMMUNITIES,6 OCTOBER 2004,PANEL COMPOSED
DS318,"India — Anti-Dumping Measures on Certain Products from the Separate Customs Territory of Taiwan, Penghu, Kinmen and Matsu",CHINESE TAIPEI,28 OCTOBER 2004,IN CONSULTATIONS
DS319,United States — Section 776 of the Tariff Act of 1930,EUROPEAN COMMUNITIES,5 NOVEMBER 2004,IN CONSULTATIONS
DS320,United States — Continued Suspension of Obligations in the EC — Hormones Dispute,EUROPEAN COMMUNITIES,8 NOVEMBER 2004,"REPORT(S) ADOPTED, NO FURTHER ACTION REQUIRED"
DS321,Canada — Continued Suspension of Obligations in the EC — Hormones Dispute,EUROPEAN COMMUNITIES,8 NOVEMBER 2004,"REPORT(S) ADOPTED, NO FURTHER ACTION REQUIRED"
DS322,United States — Measures Relating to Zeroing and Sunset Reviews,JAPAN,24 NOVEMBER 2004,"REPORT(S) ADOPTED, WITH RECOMMENDATION TO BRING MEASURE(S) INTO CONFORMITY"
DS323,Japan — Import Quotas on Dried Laver and Seasoned Laver,"KOREA, REPUBLIC OF",1 DECEMBER 2004,"SETTLED OR TERMINATED (WITHDRAWN, MUTUALLY AGREED SOLUTION)"
DS324,United States — Provisional Anti-Dumping Measures on Shrimp from Thailand,THAILAND,9 DECEMBER 2004,IN CONSULTATIONS
DS325,United States — Anti-Dumping Determinations regarding Stainless Steel from Mexico,MEXICO,5 JANUARY 2005,IN CONSULTATIONS
DS326,European Communities — Definitive Safeguard Measure on Salmon,CHILE,8 FEBRUARY 2005,"SETTLED OR TERMINATED (WITHDRAWN, MUTUALLY AGREED SOLUTION)"
DS327,Egypt — Anti-Dumping Duties on Matches from Pakistan,PAKISTAN,21 FEBRUARY 2005,"SETTLED OR TERMINATED (WITHDRAWN, MUTUALLY AGREED SOLUTION)"
DS328,European Communities — Definitive Safeguard Measure on Salmon,NORWAY,1 MARCH 2005,IN CONSULTATIONS
DS329,Panama — Tariff Classification of Certain Milk Products,MEXICO,16 MARCH 2005,"SETTLED OR TERMINATED (WITHDRAWN, MUTUALLY AGREED SOLUTION)"
DS330,"Argentina — Countervailing Duties on Olive Oil, Wheat Gluten and Peaches",EUROPEAN COMMUNITIES,29 APRIL 2005,IN CONSULTATIONS
DS331,Mexico — Anti-Dumping Duties on Steel Pipes and Tubes from Guatemala,GUATEMALA,17 JUNE 2005,IMPLEMENTATION NOTIFIED BY RESPONDENT
DS332,Brazil — Measures Affecting Imports of Retreaded Tyres,EUROPEAN COMMUNITIES,20 JUNE 2005,IMPLEMENTATION NOTIFIED BY RESPONDENT
DS333,Dominican Republic — Foreign Exchange Fee Affecting Imports from Costa Rica,COSTA RICA,12 SEPTEMBER 2005,IN CONSULTATIONS
DS334,Turkey — Measures Affecting the Importation of Rice,UNITED STATES,2 NOVEMBER 2005,IMPLEMENTATION NOTIFIED BY RESPONDENT
DS335,United States — Anti-Dumping Measure on Shrimp from Ecuador,ECUADOR,17 NOVEMBER 2005,IMPLEMENTATION NOTIFIED BY RESPONDENT
DS336,Japan — Countervailing Duties on Dynamic Random Access Memories from Korea,"KOREA, REPUBLIC OF",14 MARCH 2006,AUTHORITY FOR PANEL LAPSED
DS337,European Communities — Anti-Dumping Measure on Farmed Salmon from Norway,NORWAY,17 MARCH 2006,"REPORT(S) ADOPTED, WITH RECOMMENDATION TO BRING MEASURE(S) INTO CONFORMITY"
DS338,Canada — Provisional Anti-Dumping and Countervailing Duties on Grain Corn from the United States,UNITED STATES,17 MARCH 2006,IN CONSULTATIONS
DS339,China — Measures Affecting Imports of Automobile Parts,EUROPEAN COMMUNITIES,30 MARCH 2006,IMPLEMENTATION NOTIFIED BY RESPONDENT
DS340,China — Measures Affecting Imports of Automobile Parts,UNITED STATES,30 MARCH 2006,IMPLEMENTATION NOTIFIED BY RESPONDENT
DS341,Mexico — Definitive Countervailing Measures on Olive Oil from the European Communities,EUROPEAN COMMUNITIES,31 MARCH 2006,IMPLEMENTATION NOTIFIED BY RESPONDENT
DS342,China — Measures Affecting Imports of Automobile Parts,CANADA,13 APRIL 2006,IMPLEMENTATION NOTIFIED BY RESPONDENT
DS343,United States — Measures Relating to Shrimp from Thailand,THAILAND,24 APRIL 2006,IMPLEMENTATION NOTIFIED BY RESPONDENT
DS344,United States — Final Anti-Dumping Measures on Stainless Steel from Mexico,MEXICO,26 MAY 2006,"SETTLED OR TERMINATED (WITHDRAWN, MUTUALLY AGREED SOLUTION)"
DS345,United States — Customs Bond Directive for Merchandise Subject to Anti-Dumping/Countervailing Duties,INDIA,6 JUNE 2006,IMPLEMENTATION NOTIFIED BY RESPONDENT
DS346,United States — Anti-Dumping Administrative Review on Oil Country Tubular Goods from Argentina,ARGENTINA,20 JUNE 2006,IN CONSULTATIONS
DS347,European Communities and Certain Member States — Measures Affecting Trade in Large Civil Aircraft (Second Complaint),UNITED STATES,31 JANUARY 2006,AUTHORITY FOR PANEL LAPSED
DS348,Colombia — Customs Measures on Importation of Certain Goods from Panama,PANAMA,20 JULY 2006,"SETTLED OR TERMINATED (WITHDRAWN, MUTUALLY AGREED SOLUTION)"
DS349,European Communities — Measures Affecting the Tariff Quota for Fresh or Chilled Garlic,ARGENTINA,6 SEPTEMBER 2006,IN CONSULTATIONS
DS350,United States — Continued Existence and Application of Zeroing Methodology,EUROPEAN COMMUNITIES,2 OCTOBER 2006,"REPORT(S) ADOPTED, WITH RECOMMENDATION TO BRING MEASURE(S) INTO CONFORMITY"
DS351,Chile — Provisional Safeguard Measure on Certain Milk Products,ARGENTINA,25 OCTOBER 2006,AUTHORITY FOR PANEL LAPSED
DS352,India — Measures Affecting the Importation and Sale of Wines and Spirits from the European Communities,EUROPEAN COMMUNITIES,20 NOVEMBER 2006,AUTHORITY FOR PANEL LAPSED
DS353,United States — Measures Affecting Trade in Large Civil Aircraft — Second Complaint,EUROPEAN COMMUNITIES,27 JUNE 2005,COMPLIANCE PROCEEDINGS ONGOING
DS354,Canada — Tax Exemptions and Reductions for Wine and Beer,EUROPEAN COMMUNITIES,29 NOVEMBER 2006,"SETTLED OR TERMINATED (WITHDRAWN, MUTUALLY AGREED SOLUTION)"
DS355,Brazil — Anti-dumping Measures on Imports of Certain Resins from Argentina,ARGENTINA,26 DECEMBER 2006,AUTHORITY FOR PANEL LAPSED
DS356,Chile — Definitive Safeguard Measures on Certain Milk Products,ARGENTINA,28 DECEMBER 2006,AUTHORITY FOR PANEL LAPSED
DS357,United States — Subsidies and Other Domestic Support for Corn and Other Agricultural Products,CANADA,8 JANUARY 2007,"PANEL ESTABLISHED, BUT NOT YET COMPOSED"
DS358,"China — Certain Measures Granting Refunds, Reductions or Exemptions from Taxes and Other Payments",UNITED STATES,2 FEBRUARY 2007,"SETTLED OR TERMINATED (WITHDRAWN, MUTUALLY AGREED SOLUTION)"
DS359,"China — Certain Measures Granting Refunds, Reductions or Exemptions from Taxes and Other Payments",MEXICO,26 FEBRUARY 2007,"SETTLED OR TERMINATED (WITHDRAWN, MUTUALLY AGREED SOLUTION)"
DS360,India — Additional and Extra-Additional Duties on Imports from the United States,UNITED STATES,6 MARCH 2007,"REPORT(S) ADOPTED, NO FURTHER ACTION REQUIRED"
DS361,European Communities — Regime for the Importation of Bananas,COLOMBIA,21 MARCH 2007,"SETTLED OR TERMINATED (WITHDRAWN, MUTUALLY AGREED SOLUTION)"
DS362,China — Measures Affecting the Protection and Enforcement of Intellectual Property Rights,UNITED STATES,10 APRIL 2007,IMPLEMENTATION NOTIFIED BY RESPONDENT
DS363,China — Measures Affecting Trading Rights and Distribution Services for Certain Publications and Audiovisual Entertainment Products,UNITED STATES,10 APRIL 2007,IMPLEMENTATION NOTIFIED BY RESPONDENT
DS364,European Communities — Regime for the Importation of Bananas,PANAMA,22 JUNE 2007,"SETTLED OR TERMINATED (WITHDRAWN, MUTUALLY AGREED SOLUTION)"
DS365,United States — Domestic Support and Export Credit Guarantees for Agricultural Products,BRAZIL,11 JULY 2007,"PANEL ESTABLISHED, BUT NOT YET COMPOSED"
DS366,Colombia — Indicative Prices and Restrictions on Ports of Entry,PANAMA,12 JULY 2007,IMPLEMENTATION NOTIFIED BY RESPONDENT
DS367,Australia — Measures Affecting the Importation of Apples from New Zealand,NEW ZEALAND,31 AUGUST 2007,IMPLEMENTATION NOTIFIED BY RESPONDENT
DS368,United States — Preliminary Anti-Dumping and Countervailing Duty Determinations on Coated Free Sheet Paper from China,CHINA,14 SEPTEMBER 2007,IN CONSULTATIONS
DS369,European Communities — Certain Measures Prohibiting the Importation and Marketing of Seal Products,CANADA,25 SEPTEMBER 2007,"SETTLED OR TERMINATED (WITHDRAWN, MUTUALLY AGREED SOLUTION)"
DS370,Thailand — Customs Valuation of Certain Products from the European Communities,EUROPEAN COMMUNITIES,25 JANUARY 2008,IN CONSULTATIONS
DS371,Thailand — Customs and Fiscal Measures on Cigarettes from the Philippines,PHILIPPINES,7 FEBRUARY 2008,COMPLIANCE PROCEEDINGS ONGOING
DS372,China — Measures Affecting Financial Information Services and Foreign Financial Information Suppliers,EUROPEAN COMMUNITIES,3 MARCH 2008,"SETTLED OR TERMINATED (WITHDRAWN, MUTUALLY AGREED SOLUTION)"
DS373,China — Measures Affecting Financial Information Services and Foreign Financial Information Suppliers,UNITED STATES,3 MARCH 2008,"SETTLED OR TERMINATED (WITHDRAWN, MUTUALLY AGREED SOLUTION)"
DS374,South Africa — Anti-Dumping Measures on Uncoated Woodfree Paper,INDONESIA,9 MAY 2008,"SETTLED OR TERMINATED (WITHDRAWN, MUTUALLY AGREED SOLUTION)"
DS375,European Communities — Tariff Treatment of Certain Information Technology Products,UNITED STATES,28 MAY 2008,IMPLEMENTATION NOTIFIED BY RESPONDENT
DS376,European Communities — Tariff Treatment of Certain Information Technology Products,JAPAN,28 MAY 2008,IMPLEMENTATION NOTIFIED BY RESPONDENT
DS377,European Communities — Tariff Treatment of Certain Information Technology Products,CHINESE TAIPEI,12 JUNE 2008,IMPLEMENTATION NOTIFIED BY RESPONDENT
DS378,China — Measures Affecting Financial Information Services and Foreign Financial Information Suppliers,CANADA,20 JUNE 2008,"SETTLED OR TERMINATED (WITHDRAWN, MUTUALLY AGREED SOLUTION)"
DS379,United States — Definitive Anti-Dumping and Countervailing Duties on Certain Products from China,CHINA,19 SEPTEMBER 2008,IMPLEMENTATION NOTIFIED BY RESPONDENT
DS380,India — Certain Taxes and Other Measures on Imported Wines and Spirits,EUROPEAN COMMUNITIES,22 SEPTEMBER 2008,IN CONSULTATIONS
DS381,"United States — Measures Concerning the Importation, Marketing and Sale of Tuna and Tuna Products",MEXICO,24 OCTOBER 2008,"AUTHORIZATION TO RETALIATE GRANTED, COMPLIANCE PROCEEDINGS ONGOING"
DS382,United States — Anti-Dumping Administrative Reviews and Other Measures Related to Imports of Certain Orange Juice from Brazil,BRAZIL,27 NOVEMBER 2008,"SETTLED OR TERMINATED (WITHDRAWN, MUTUALLY AGREED SOLUTION)"
DS383,United States — Anti-Dumping Measures on Polyethylene Retail Carrier Bags from Thailand,THAILAND,26 NOVEMBER 2008,IMPLEMENTATION NOTIFIED BY RESPONDENT
DS384,United States — Certain Country of Origin Labelling (Cool) Requirements,CANADA,1 DECEMBER 2008,AUTHORIZATION TO RETALIATE GRANTED
DS385,European Communities — Expiry Reviews of Anti-dumping and Countervailing Duties Imposed on Imports of PET from India,INDIA,4 DECEMBER 2008,IN CONSULTATIONS
DS386,United States — Certain Country of Origin Labelling Requirements,MEXICO,17 DECEMBER 2008,AUTHORIZATION TO RETALIATE GRANTED
DS387,"China — Grants, Loans and Other Incentives",UNITED STATES,19 DECEMBER 2008,IN CONSULTATIONS
DS388,"China — Grants, Loans and Other Incentives",MEXICO,19 DECEMBER 2008,IN CONSULTATIONS
DS389,European Communities — Certain Measures Affecting Poultry Meat and Poultry Meat Products from the United States,UNITED STATES,16 JANUARY 2009,"PANEL ESTABLISHED, BUT NOT YET COMPOSED"
DS390,"China — Grants, Loans and Other Incentives",GUATEMALA,19 JANUARY 2009,IN CONSULTATIONS
DS391,"Korea, Republic of — Measures Affecting the Importation of Bovine Meat and Meat Products from Canada",CANADA,9 APRIL 2009,"SETTLED OR TERMINATED (WITHDRAWN, MUTUALLY AGREED SOLUTION)"
DS392,United States — Certain Measures Affecting Imports of Poultry from China,CHINA,17 APRIL 2009,"REPORT(S) ADOPTED, NO FURTHER ACTION REQUIRED"
DS393,Chile — Anti-Dumping Measures on Imports of Wheat Flour from Argentina,ARGENTINA,14 MAY 2009,IN CONSULTATIONS
DS394,China — Measures Related to the Exportation of Various Raw Materials,UNITED STATES,23 JUNE 2009,IMPLEMENTATION NOTIFIED BY RESPONDENT
DS395,China — Measures Related to the Exportation of Various Raw Materials,EUROPEAN COMMUNITIES,23 JUNE 2009,IMPLEMENTATION NOTIFIED BY RESPONDENT
DS396,Philippines — Taxes on Distilled Spirits,EUROPEAN COMMUNITIES,29 JULY 2009,IMPLEMENTATION NOTIFIED BY RESPONDENT
DS397,European Communities — Definitive Anti-Dumping Measures on Certain Iron or Steel Fasteners from China,CHINA,31 JULY 2009,"REPORT(S) ADOPTED, WITH RECOMMENDATION TO BRING MEASURE(S) INTO CONFORMITY"
DS398,China — Measures Related to the Exportation of Various Raw Materials,MEXICO,21 AUGUST 2009,IMPLEMENTATION NOTIFIED BY RESPONDENT
DS399,United States — Measures Affecting Imports of Certain Passenger Vehicle and Light Truck Tyres from China,CHINA,14 SEPTEMBER 2009,"REPORT(S) ADOPTED, NO FURTHER ACTION REQUIRED"
DS400,European Communities — Measures Prohibiting the Importation and Marketing of Seal Products,CANADA,2 NOVEMBER 2009,"REPORT(S) ADOPTED, WITH RECOMMENDATION TO BRING MEASURE(S) INTO CONFORMITY"
DS401,European Communities — Measures Prohibiting the Importation and Marketing of Seal Products,NORWAY,5 NOVEMBER 2009,"REPORT(S) ADOPTED, WITH RECOMMENDATION TO BRING MEASURE(S) INTO CONFORMITY"
DS402,United States — Use of Zeroing in Anti-Dumping Measures Involving Products from Korea,"KOREA, REPUBLIC OF",24 NOVEMBER 2009,IMPLEMENTATION NOTIFIED BY RESPONDENT
DS403,Philippines — Taxes on Distilled Spirits,UNITED STATES,14 JANUARY 2010,IMPLEMENTATION NOTIFIED BY RESPONDENT
DS404,United States — Anti-dumping Measures on Certain Shrimp from Viet Nam,VIET NAM,1 FEBRUARY 2010,"SETTLED OR TERMINATED (WITHDRAWN, MUTUALLY AGREED SOLUTION)"
DS405,European Union — Anti-Dumping Measures on Certain Footwear from China,CHINA,4 FEBRUARY 2010,IMPLEMENTATION NOTIFIED BY RESPONDENT
DS406,United States — Measures Affecting the Production and Sale of Clove Cigarettes,INDONESIA,7 APRIL 2010,MUTUALLY ACCEPTABLE SOLUTION ON IMPLEMENTATION NOTIFIED
DS407,China — Provisional Anti-Dumping Duties on Certain Iron and Steel Fasteners from the European Union,EUROPEAN UNION,7 MAY 2010,IN CONSULTATIONS
DS408,European Union and a Member State — Seizure of Generic Drugs in Transit,INDIA,11 MAY 2010,IN CONSULTATIONS
DS409,European Union and a Member State — Seizure of Generic Drugs in Transit,BRAZIL,12 MAY 2010,IN CONSULTATIONS
DS410,Argentina — Anti-Dumping Duties on Fasteners and Chains from Peru,PERU,19 MAY 2010,IN CONSULTATIONS
DS411,Armenia — Measures Affecting the Importation and Internal Sale of Cigarettes and Alcoholic Beverages,UKRAINE,20 JULY 2010,IN CONSULTATIONS
DS412,Canada — Certain Measures Affecting the Renewable Energy Generation Sector,JAPAN,13 SEPTEMBER 2010,IMPLEMENTATION NOTIFIED BY RESPONDENT
DS413,China — Certain Measures Affecting Electronic Payment Services,UNITED STATES,15 SEPTEMBER 2010,IMPLEMENTATION NOTIFIED BY RESPONDENT
DS414,China — Countervailing and Anti-Dumping Duties on Grain Oriented Flat-rolled Electrical Steel from the United States,UNITED STATES,15 SEPTEMBER 2010,"REPORT(S) ADOPTED, WITH RECOMMENDATION TO BRING MEASURE(S) INTO CONFORMITY"
DS415,Dominican Republic — Safeguard Measures on Imports of Polypropylene Bags and Tubular Fabric,COSTA RICA,15 OCTOBER 2010,"REPORT(S) ADOPTED, WITH RECOMMENDATION TO BRING MEASURE(S) INTO CONFORMITY"
DS416,Dominican Republic — Safeguard Measures on Imports of Polypropylene Bags and Tubular Fabric,GUATEMALA,15 OCTOBER 2010,"REPORT(S) ADOPTED, WITH RECOMMENDATION TO BRING MEASURE(S) INTO CONFORMITY"
DS417,Dominican Republic — Safeguard Measures on Imports of Polypropylene Bags and Tubular Fabric,HONDURAS,18 OCTOBER 2010,"REPORT(S) ADOPTED, WITH RECOMMENDATION TO BRING MEASURE(S) INTO CONFORMITY"
DS418,Dominican Republic — Safeguard Measures on Imports of Polypropylene Bags and Tubular Fabric,EL SALVADOR,19 OCTOBER 2010,"REPORT(S) ADOPTED, WITH RECOMMENDATION TO BRING MEASURE(S) INTO CONFORMITY"
DS419,China — Measures concerning wind power equipment,UNITED STATES,22 DECEMBER 2010,IN CONSULTATIONS
DS420,United States — Anti-dumping measures on corrosion-resistant carbon steel flat products from Korea,"KOREA, REPUBLIC OF",31 JANUARY 2011,"PANEL ESTABLISHED, BUT NOT YET COMPOSED"
DS421,"Moldova, Republic of — Measures Affecting the Importation and Internal Sale of Goods (Environmental Charge)",UKRAINE,17 FEBRUARY 2011,"PANEL ESTABLISHED, BUT NOT YET COMPOSED"
DS422,United States — Anti-Dumping Measures on Shrimp and Diamond Sawblades from China,CHINA,28 FEBRUARY 2011,IMPLEMENTATION NOTIFIED BY RESPONDENT
DS423,Ukraine — Taxes on Distilled spirits,"MOLDOVA, REPUBLIC OF",3 MARCH 2011,"PANEL ESTABLISHED, BUT NOT YET COMPOSED"
DS424,United States — Anti-Dumping Measures on Imports of Stainless Steel Sheet and Strip in Coils from Italy,EUROPEAN UNION,1 APRIL 2011,IN CONSULTATIONS
DS425,China — Definitive Anti-Dumping Duties on X-Ray Security Inspection Equipment from the European Union,EUROPEAN UNION,25 JULY 2011,IMPLEMENTATION NOTIFIED BY RESPONDENT
DS426,Canada — Measures Relating to the Feed-in Tariff Program,EUROPEAN UNION,11 AUGUST 2011,IMPLEMENTATION NOTIFIED BY RESPONDENT
DS427,China — Anti-Dumping and Countervailing Duty Measures on Broiler Products from the United States,UNITED STATES,20 SEPTEMBER 2011,COMPLIANCE PROCEEDINGS ONGOING
DS428,Turkey — Safeguard measures on imports of cotton yarn (other than sewing thread),INDIA,13 FEBRUARY 2012,IN CONSULTATIONS
DS429,United States — Anti-Dumping Measures on Certain Shrimp from Viet Nam,VIET NAM,20 FEBRUARY 2012,"SETTLED OR TERMINATED (WITHDRAWN, MUTUALLY AGREED SOLUTION)"
DS430,India — Measures Concerning the Importation of Certain Agricultural Products,UNITED STATES,6 MARCH 2012,"AUTHORIZATION TO RETALIATE REQUESTED (INCLUDING 22.6 ARBITRATION), COMPLIANCE PROCEEDINGS ONGOING"
DS431,"China — Measures Related to the Exportation of Rare Earths, Tungsten and Molybdenum",UNITED STATES,13 MARCH 2012,IMPLEMENTATION NOTIFIED BY RESPONDENT
DS432,"China — Measures Related to the Exportation of Rare Earths, Tungsten and Molybdenum",EUROPEAN UNION,13 MARCH 2012,IMPLEMENTATION NOTIFIED BY RESPONDENT
DS433,"China — Measures Related to the Exportation of Rare Earths, Tungsten and Molybdenum",JAPAN,13 MARCH 2012,IMPLEMENTATION NOTIFIED BY RESPONDENT
DS434,Australia — Certain Measures Concerning Trademarks and Other Plain Packaging Requirements Applicable to Tobacco Products and Packaging,UKRAINE,13 MARCH 2012,AUTHORITY FOR PANEL LAPSED
DS435,"Australia — Certain Measures Concerning Trademarks, Geographical Indications and Other Plain Packaging Requirements Applicable to Tobacco Products and Packaging",HONDURAS,4 APRIL 2012,PANEL COMPOSED
DS436,United States — Countervailing Measures on Certain Hot-Rolled Carbon Steel Flat Products from India,INDIA,12 APRIL 2012,"REPORT(S) ADOPTED, WITH RECOMMENDATION TO BRING MEASURE(S) INTO CONFORMITY"
DS437,United States — Countervailing Duty Measures on Certain Products from China,CHINA,25 MAY 2012,COMPLIANCE PROCEEDINGS ONGOING
DS438,Argentina — Measures Affecting the Importation of Goods,EUROPEAN UNION,25 MAY 2012,"REPORT(S) ADOPTED, WITH RECOMMENDATION TO BRING MEASURE(S) INTO CONFORMITY"
DS439,South Africa — Anti-Dumping Duties on Frozen Meat of Fowls from Brazil,BRAZIL,21 JUNE 2012,IN CONSULTATIONS
DS440,China — Anti-Dumping and Countervailing Duties on Certain Automobiles from the United States,UNITED STATES,5 JULY 2012,"REPORT(S) ADOPTED, NO FURTHER ACTION REQUIRED"
DS441,"Australia — Certain Measures Concerning Trademarks, Geographical Indications and Other Plain Packaging Requirements Applicable to Tobacco Products and Packaging",DOMINICAN REPUBLIC,18 JULY 2012,PANEL COMPOSED
DS442,European Union — Anti-Dumping Measures on Imports of Certain Fatty Alcohols from Indonesia,INDONESIA,30 JULY 2012,"REPORT(S) ADOPTED, WITH RECOMMENDATION TO BRING MEASURE(S) INTO CONFORMITY"
DS443,European Union and a Member State — Certain Measures Concerning the Importation of Biodiesels,ARGENTINA,17 AUGUST 2012,IN CONSULTATIONS
DS444,Argentina — Measures Affecting the Importation of Goods,UNITED STATES,21 AUGUST 2012,"REPORT(S) ADOPTED, WITH RECOMMENDATION TO BRING MEASURE(S) INTO CONFORMITY"
DS445,Argentina — Measures Affecting the Importation of Goods,JAPAN,21 AUGUST 2012,"REPORT(S) ADOPTED, WITH RECOMMENDATION TO BRING MEASURE(S) INTO CONFORMITY"
DS446,Argentina — Measures Affecting the Importation of Goods,MEXICO,24 AUGUST 2012,IN CONSULTATIONS
DS447,"United States — Measures Affecting the Importation of Animals, Meat and Other Animal Products from Argentina",ARGENTINA,30 AUGUST 2012,"REPORT(S) ADOPTED, WITH RECOMMENDATION TO BRING MEASURE(S) INTO CONFORMITY"
DS448,United States — Measures Affecting the Importation of Fresh Lemons,ARGENTINA,3 SEPTEMBER 2012,IN CONSULTATIONS
DS449,United States — Countervailing and Anti-dumping Measures on Certain Products from China,CHINA,17 SEPTEMBER 2012,"REPORT(S) ADOPTED, WITH RECOMMENDATION TO BRING MEASURE(S) INTO CONFORMITY"
DS450,China — Certain Measures Affecting the Automobile and Automobile-Parts Industries,UNITED STATES,17 SEPTEMBER 2012,IN CONSULTATIONS
DS451,China — Measures Relating to the Production and Exportation of Apparel and Textile Products,MEXICO,15 OCTOBER 2012,IN CONSULTATIONS
DS452,European Union and Certain Member States — Certain Measures Affecting the Renewable Energy Generation Sector,CHINA,5 NOVEMBER 2012,IN CONSULTATIONS
DS453,Argentina — Measures Relating to Trade in Goods and Services,PANAMA,12 DECEMBER 2012,"REPORT(S) ADOPTED, NO FURTHER ACTION REQUIRED"
DS454,China — Measures Imposing Anti-Dumping Duties on High-Performance Stainless Steel Seamless Tubes (“HP-SSST”) from Japan,JAPAN,20 DECEMBER 2012,"REPORT(S) ADOPTED, WITH RECOMMENDATION TO BRING MEASURE(S) INTO CONFORMITY"
DS455,"Indonesia — Importation of horticultural products, animals and animal products",UNITED STATES,10 JANUARY 2013,"PANEL ESTABLISHED, BUT NOT YET COMPOSED"
DS456,India — Certain Measures Relating to Solar Cells and Solar Modules,UNITED STATES,6 FEBRUARY 2013,AUTHORIZATION TO RETALIATE REQUESTED (INCLUDING 22.6 ARBITRATION)
DS457,Peru — Additional Duty on Imports of Certain Agricultural Products,GUATEMALA,12 APRIL 2013,"REPORT(S) ADOPTED, WITH RECOMMENDATION TO BRING MEASURE(S) INTO CONFORMITY"
DS458,"Australia — Certain Measures Concerning Trademarks, Geographical Indications and Other Plain Packaging Requirements Applicable to Tobacco Products and Packaging",CUBA,3 MAY 2013,PANEL COMPOSED
DS459,European Union — Certain Measures on the Importation and Marketing of Biodiesel and Measures Supporting the Biodiesel Industry,ARGENTINA,15 MAY 2013,IN CONSULTATIONS
DS460,China — Measures Imposing Anti-Dumping Duties on High-Performance Stainless Steel Seamless Tubes (“HP-SSST”) from the European Union,EUROPEAN UNION,13 JUNE 2013,"REPORT(S) ADOPTED, WITH RECOMMENDATION TO BRING MEASURE(S) INTO CONFORMITY"
DS461,"Colombia — Measures Relating to the Importation of Textiles, Apparel and Footwear",PANAMA,18 JUNE 2013,"AUTHORIZATION TO RETALIATE REQUESTED (INCLUDING 22.6 ARBITRATION), COMPLIANCE PROCEEDINGS ONGOING"
DS462,Russian Federation — Recycling Fee on Motor Vehicles,EUROPEAN UNION,9 JULY 2013,"PANEL ESTABLISHED, BUT NOT YET COMPOSED"
DS463,Russian Federation — Recycling Fee on Motor Vehicles,JAPAN,24 JULY 2013,IN CONSULTATIONS
DS464,United States — Anti-Dumping and Countervailing Measures on Large Residential Washers from Korea,"KOREA, REPUBLIC OF",29 AUGUST 2013,AUTHORIZATION TO RETALIATE REQUESTED (INCLUDING 22.6 ARBITRATION)
DS465,"Indonesia — Importation of Horticultural Products, Animals and Animal Products",UNITED STATES,30 AUGUST 2013,IN CONSULTATIONS
DS466,"Indonesia — Importation of Horticultural Products, Animals and Animal Products",NEW ZEALAND,30 AUGUST 2013,IN CONSULTATIONS
DS467,"Australia — Certain Measures Concerning Trademarks, Geographical Indications and Other Plain Packaging Requirements Applicable to Tobacco Products and Packaging",INDONESIA,20 SEPTEMBER 2013,PANEL COMPOSED
DS468,Ukraine — Definitive Safeguard Measures on Certain Passenger Cars,JAPAN,30 OCTOBER 2013,"REPORT(S) ADOPTED, WITH RECOMMENDATION TO BRING MEASURE(S) INTO CONFORMITY"
DS469,European Union — Measures on Atlanto-Scandian Herring,DENMARK,4 NOVEMBER 2013,"SETTLED OR TERMINATED (WITHDRAWN, MUTUALLY AGREED SOLUTION)"
DS470,Pakistan — Anti-Dumping and Countervailing Duty Investigations on Certain Paper Products from Indonesia,INDONESIA,27 NOVEMBER 2013,IN CONSULTATIONS
DS471,United States — Certain Methodologies and their Application to Anti-Dumping Proceedings Involving China,CHINA,3 DECEMBER 2013,"REPORT(S) ADOPTED, WITH RECOMMENDATION TO BRING MEASURE(S) INTO CONFORMITY"
DS472,Brazil — Certain Measures Concerning Taxation and Charges,EUROPEAN UNION,19 DECEMBER 2013,PANEL REPORT UNDER APPEAL
DS473,European Union — Anti-Dumping Measures on Biodiesel from Argentina,ARGENTINA,19 DECEMBER 2013,"REPORT(S) ADOPTED, WITH RECOMMENDATION TO BRING MEASURE(S) INTO CONFORMITY"
DS474,European Union — Cost Adjustment Methodologies and Certain Anti-Dumping Measures on Imports from Russia,RUSSIAN FEDERATION,23 DECEMBER 2013,"PANEL ESTABLISHED, BUT NOT YET COMPOSED"
DS475,"Russian Federation — Measures on the Importation of Live Pigs, Pork and Other Pig Products from the European Union",EUROPEAN UNION,8 APRIL 2014,AUTHORIZATION TO RETALIATE REQUESTED (INCLUDING 22.6 ARBITRATION)
DS476,European Union — Certain Measures Relating to the Energy Sector,RUSSIAN FEDERATION,30 APRIL 2014,PANEL COMPOSED
DS477,"Indonesia — Importation of Horticultural Products, Animals and Animal Products",NEW ZEALAND,8 MAY 2014,"REPORT(S) ADOPTED, WITH RECOMMENDATION TO BRING MEASURE(S) INTO CONFORMITY"
DS478,"Indonesia — Importation of Horticultural Products, Animals and Animal Products",UNITED STATES,8 MAY 2014,"REPORT(S) ADOPTED, WITH RECOMMENDATION TO BRING MEASURE(S) INTO CONFORMITY"
DS479,Russian Federation — Anti-Dumping Duties on Light Commercial Vehicles from Germany and Italy,EUROPEAN UNION,21 MAY 2014,PANEL REPORT UNDER APPEAL
DS480,European Union — Anti-Dumping Measures on Biodiesel from Indonesia,INDONESIA,10 JUNE 2014,PANEL REPORT CIRCULATED
DS481,Indonesia — Recourse to article 22.2 of the DSU in the US — Clove cigarettes dispute,EUROPEAN UNION,13 JUNE 2014,"SETTLED OR TERMINATED (WITHDRAWN, MUTUALLY AGREED SOLUTION)"
DS482,"Canada — Anti-Dumping Measures on Imports of Certain Carbon Steel Welded Pipe from The Separate Customs Territory of Taiwan, Penghu, Kinmen and Matsu",CHINESE TAIPEI,25 JUNE 2014,"REPORT(S) ADOPTED, WITH RECOMMENDATION TO BRING MEASURE(S) INTO CONFORMITY"
DS483,China — Anti-Dumping Measures on Imports of Cellulose Pulp from Canada,CANADA,15 OCTOBER 2014,"REPORT(S) ADOPTED, WITH RECOMMENDATION TO BRING MEASURE(S) INTO CONFORMITY"
DS484,Indonesia — Measures Concerning the Importation of Chicken Meat and Chicken Products,BRAZIL,16 OCTOBER 2014,"REPORT(S) ADOPTED, WITH RECOMMENDATION TO BRING MEASURE(S) INTO CONFORMITY"
DS485,Russian Federation — Tariff Treatment of Certain Agricultural and Manufacturing Products,EUROPEAN UNION,31 OCTOBER 2014,"REPORT(S) ADOPTED, WITH RECOMMENDATION TO BRING MEASURE(S) INTO CONFORMITY"
DS486,European Union — Countervailing Measures on Certain Polyethylene Terephthalate from Pakistan,PAKISTAN,5 NOVEMBER 2014,PANEL REPORT UNDER APPEAL
DS487,United States — Conditional Tax Incentives for Large Civil Aircraft,EUROPEAN UNION,19 DECEMBER 2014,"REPORT(S) ADOPTED, NO FURTHER ACTION REQUIRED"
DS488,United States — Anti-Dumping Measures on Certain Oil Country Tubular Goods from Korea,"KOREA, REPUBLIC OF",22 DECEMBER 2014,"REPORT(S) ADOPTED, WITH RECOMMENDATION TO BRING MEASURE(S) INTO CONFORMITY"
DS489,China — Measures Related to Demonstration Bases and common Service Platforms Programmes,UNITED STATES,11 FEBRUARY 2015,"PANEL ESTABLISHED, BUT NOT YET COMPOSED"
DS490,Indonesia — Safeguard on Certain Iron or Steel Products,CHINESE TAIPEI,12 FEBRUARY 2015,PANEL REPORT UNDER APPEAL
DS491,United States — Anti-Dumping and Countervailing Measures on Certain Coated Paper from Indonesia,INDONESIA,13 MARCH 2015,"REPORT(S) ADOPTED, NO FURTHER ACTION REQUIRED"
DS492,European Union — Measures Affecting Tariff Concessions on Certain Poultry Meat Products,CHINA,8 APRIL 2015,"REPORT(S) ADOPTED, WITH RECOMMENDATION TO BRING MEASURE(S) INTO CONFORMITY"
DS493,Ukraine — Anti-Dumping Measures on Ammonium Nitrate,RUSSIAN FEDERATION,7 MAY 2015,PANEL COMPOSED
DS494,European Union — Cost Adjustment Methodologies and Certain Anti-Dumping Measures on Imports from Russia (Second complaint),RUSSIAN FEDERATION,7 MAY 2015,"PANEL ESTABLISHED, BUT NOT YET COMPOSED"
DS495,"Korea, Republic of — Import Bans, and Testing and Certification Requirements for Radionuclides",JAPAN,21 MAY 2015,PANEL COMPOSED
DS496,Indonesia — Safeguard on Certain Iron or Steel Products,VIET NAM,1 JUNE 2015,PANEL REPORT UNDER APPEAL
DS497,Brazil — Certain Measures Concerning Taxation and Charges,JAPAN,2 JULY 2015,PANEL REPORT UNDER APPEAL
DS498,"India — Anti-Dumping Duties on USB Flash Drives from the Separate Customs Territory of Taiwan, Penghu, Kinmen and Matsu",CHINESE TAIPEI,24 SEPTEMBER 2015,IN CONSULTATIONS
DS499,Russian Federation — Measures affecting the importation of railway equipment and parts thereof,UKRAINE,21 OCTOBER 2015,PANEL COMPOSED
DS500,South Africa — Provisional Anti-Dumping Duties on Portland Cement from Pakistan,PAKISTAN,9 NOVEMBER 2015,IN CONSULTATIONS
DS501,China — Tax Measures Concerning Certain Domestically Produced Aircraft,UNITED STATES,8 DECEMBER 2015,IN CONSULTATIONS
DS502,Colombia — Measures Concerning Imported Spirits,EUROPEAN UNION,13 JANUARY 2016,"PANEL ESTABLISHED, BUT NOT YET COMPOSED"
DS503,United States — Measures Concerning Non-Immigrant Visas,INDIA,3 MARCH 2016,IN CONSULTATIONS
DS504,"Korea, Republic of — Anti-Dumping Duties on Pneumatic Valves from Japan",JAPAN,15 MARCH 2016,PANEL COMPOSED
DS505,United States — Countervailing Measures on Supercalendered Paper from Canada,CANADA,30 MARCH 2016,PANEL COMPOSED
DS506,Indonesia — Measures Concerning the Importation of Bovine Meat,BRAZIL,4 APRIL 2016,IN CONSULTATIONS
DS507,Thailand — Subsidies concerning Sugar,BRAZIL,4 APRIL 2016,IN CONSULTATIONS
DS508,China — Export Duties on Certain Raw Materials,UNITED STATES,13 JULY 2016,"PANEL ESTABLISHED, BUT NOT YET COMPOSED"
DS509,China — Duties and other Measures concerning the Exportation of Certain Raw Materials,EUROPEAN UNION,19 JULY 2016,"PANEL ESTABLISHED, BUT NOT YET COMPOSED"
DS510,United States — Certain Measures Relating to the Renewable Energy Sector,INDIA,9 SEPTEMBER 2016,"PANEL ESTABLISHED, BUT NOT YET COMPOSED"
DS511,China — Domestic Support for Agricultural Producers,UNITED STATES,13 SEPTEMBER 2016,PANEL COMPOSED
DS512,Russian Federation — Measures Concerning Traffic in Transit,UKRAINE,14 SEPTEMBER 2016,PANEL COMPOSED
DS513,Morocco — Anti-Dumping Measures on Certain Hot-Rolled Steel from Turkey,TURKEY,3 OCTOBER 2016,PANEL COMPOSED
DS514,United States — Countervailing Measures on Cold- and Hot-Rolled Steel Flat Products from Brazil,BRAZIL,11 NOVEMBER 2016,IN CONSULTATIONS
DS515,United States — Measures Related to Price Comparison Methodologies,CHINA,12 DECEMBER 2016,IN CONSULTATIONS
DS516,European Union — Measures Related to Price Comparison Methodologies,CHINA,12 DECEMBER 2016,PANEL COMPOSED
DS517,China — Tariff Rate Quotas for Certain Agricultural Products,UNITED STATES,15 DECEMBER 2016,"PANEL ESTABLISHED, BUT NOT YET COMPOSED"
DS518,India — Certain Measures on Imports of Iron and Steel Products,JAPAN,20 DECEMBER 2016,PANEL COMPOSED
DS519,China — Subsidies to Producers of Primary Aluminium,UNITED STATES,12 JANUARY 2017,IN CONSULTATIONS
DS520,Canada — Measures Governing the Sale of Wine in Grocery Stores,UNITED STATES,18 JANUARY 2017,IN CONSULTATIONS
DS521,European Union — Anti-Dumping Measures on Certain Cold-Rolled Flat Steel Products from Russia,RUSSIAN FEDERATION,27 JANUARY 2017,IN CONSULTATIONS
DS522,Canada — Measures Concerning Trade in Commercial Aircraft,BRAZIL,8 FEBRUARY 2017,"PANEL ESTABLISHED, BUT NOT YET COMPOSED"
DS523,United States — Countervailing Measures on Certain Pipe and Tube Products (Turkey),TURKEY,8 MARCH 2017,PANEL COMPOSED
DS524,Costa Rica — Measures Concerning the Importation of Fresh Avocados from Mexico,MEXICO,8 MARCH 2017,IN CONSULTATIONS
DS525,Ukraine — Measures relating to Trade in Goods and Services,RUSSIAN FEDERATION,19 MAY 2017,IN CONSULTATIONS
DS526,"United Arab Emirates — Measures Relating to Trade in Goods and Services, and Trade-Related Aspects of Intellectual Property Rights",QATAR,31 JULY 2017,"PANEL ESTABLISHED, BUT NOT YET COMPOSED"
DS527,"Bahrain, Kingdom of — Measures Relating to Trade in Goods and Services, and Trade-Related Aspects of Intellectual Property Rights",QATAR,31 JULY 2017,IN CONSULTATIONS
DS528,"Saudi Arabia, Kingdom of — Measures Relating to Trade in Goods and Services, and Trade-Related Aspects of Intellectual Property Rights",QATAR,31 JULY 2017,IN CONSULTATIONS
DS529,Australia — Anti-Dumping Measures on A4 Copy Paper,INDONESIA,1 SEPTEMBER 2017,IN CONSULTATIONS
DS530,Kazakhstan — Anti-dumping Measures on Steel Pipes,UKRAINE,19 SEPTEMBER 2017,IN CONSULTATIONS
DS531,Canada — Measures Governing the Sale of Wine in Grocery Stores (second complaint),UNITED STATES,28 SEPTEMBER 2017,IN CONSULTATIONS
DS532,Russian Federation — Measures Concerning the Importation and Transit of Certain Ukrainian Products,UKRAINE,13 OCTOBER 2017,IN CONSULTATIONS
DS533,United States — Countervailing Measures on Softwood Lumber from Canada,CANADA,28 NOVEMBER 2017,IN CONSULTATIONS
DS534,United States — Anti-Dumping Measures Applying Differential Pricing Methodology to Softwood Lumber from Canada,CANADA,28 NOVEMBER 2017,IN CONSULTATIONS
DS535,United States — Certain Systemic Trade Remedies Measures,CANADA,20 DECEMBER 2017,IN CONSULTATIONS
DS536,United States — Anti-Dumping Measures on Fish Fillets from Viet nam,VIET NAM,8 JANUARY 2018,IN CONSULTATIONS
DS537,Canada — Measures Governing the Sale of Wine,AUSTRALIA,12 JANUARY 2018,IN CONSULTATIONS
DS538,Pakistan — Anti-Dumping Measures on Biaxially Oriented Polypropylene Film from the United Arab Emirates,UNITED ARAB EMIRATES,24 JANUARY 2018,IN CONSULTATIONS
